-- phpMyAdmin SQL Dump
-- version 4.7.9
-- https://www.phpmyadmin.net/
--
-- Hôte : 127.0.0.1:3306
-- Généré le :  ven. 21 sep. 2018 à 15:12
-- Version du serveur :  5.7.21
-- Version de PHP :  5.6.35

SET SQL_MODE = "NO_AUTO_VALUE_ON_ZERO";
SET AUTOCOMMIT = 0;
START TRANSACTION;
SET time_zone = "+00:00";


/*!40101 SET @OLD_CHARACTER_SET_CLIENT=@@CHARACTER_SET_CLIENT */;
/*!40101 SET @OLD_CHARACTER_SET_RESULTS=@@CHARACTER_SET_RESULTS */;
/*!40101 SET @OLD_COLLATION_CONNECTION=@@COLLATION_CONNECTION */;
/*!40101 SET NAMES utf8mb4 */;

--
-- Base de données :  `voiture`
--

-- --------------------------------------------------------

--
-- Structure de la table `avoir`
--

DROP TABLE IF EXISTS `avoir`;
CREATE TABLE IF NOT EXISTS `avoir` (
  `ref_option` varchar(8) CHARACTER SET utf8 NOT NULL,
  `ref_model` varchar(50) NOT NULL,
  PRIMARY KEY (`ref_option`,`ref_model`),
  KEY `ref_option` (`ref_option`),
  KEY `ref_model` (`ref_model`)
) ENGINE=InnoDB DEFAULT CHARSET=latin1;

--
-- Déchargement des données de la table `avoir`
--

INSERT INTO `avoir` (`ref_option`, `ref_model`) VALUES
('acc_cen', '308 SW'),
('ago_air', 'CLASSE C CABRIOLET'),
('aid_sta_', 'TRAVELLER'),
('ail_mso', 'MCLAREN COUPE 570GT'),
('ail_mso', 'MCLAREN COUPE 570S'),
('air_cond', '500'),
('ala_cei', 'ALHAMBRA'),
('ant_Rad', '595'),
('ant_Rad', '695'),
('app_car', '488 SPIDER'),
('app_car', 'PORTOFINO'),
('arc_rou', 'TWIZY'),
('aud_blu', 'TWIZY'),
('ave_pie', 'ION'),
('ave_pie', 'TWIZY'),
('ban_asy', 'ELISE'),
('ban_asy', 'EVORA'),
('ban_asy', 'EXIGE'),
('blu_eff', 'CITAN'),
('bois_san', 'PHANTOM CONVERTIBLE'),
('boi_6vi', '718'),
('boi_mah', 'PHANTOM CONVERTIBLE'),
('bou_alu_', '718'),
('cam_pan', 'E-PACE'),
('cam_pan', 'F-TYPE COUPE'),
('cam_pan', 'XJ'),
('cap_bei', 'F-TYPE COUPE'),
('cap_gri', 'F-TYPE COUPE'),
('cap_mok_', 'CASCADA'),
('cap_rou', 'CLASSE C CABRIOLET'),
('cap_rou', 'F-TYPE COUPE'),
('car_bord', '718'),
('car_bord', '911 CARRERA COUPE'),
('car_Qex', 'DB11'),
('car_Qex', 'RAPIDE'),
('car_Qex', 'VANTAGE'),
('car_Qsp', 'DB11'),
('car_Qsp', 'RAPIDE'),
('car_Qsp', 'VANTAGE'),
('cei_rou', 'AMG GT'),
('cend_voi', 'MCLAREN 570S SPIDER'),
('cend_voi', 'MCLAREN COUPE 570GT'),
('cend_voi', 'MCLAREN COUPE 570S'),
('cha_cd', 'CLASSE SL'),
('cha_cd', 'RAPIDE'),
('cha_lit', 'MCLAREN 570S SPIDER'),
('cha_lit', 'MCLAREN COUPE 570GT'),
('cha_lit', 'MCLAREN COUPE 570S'),
('cha_tel', 'PANAMERA'),
('cha_vol', 'PANAMERA'),
('cle_cuir', '718'),
('cle_voi', 'BENTAYGA'),
('cli_aut', 'A1'),
('cli_aut', 'C3'),
('cli_aut', 'EVORA'),
('cli_man', 'CLIO'),
('cli_man', 'TWINGO'),
('col_ele', 'EDGE'),
('col_feu', 'FORFOUR'),
('con_ipo', 'PHANTOM CONVERTIBLE'),
('coq_chr', '4C SPIDER'),
('cout_con', 'BENTAYGA'),
('cpt_tr_r', '488 SPIDER'),
('cpt_tr_r', 'PORTOFINO'),
('cro_att', 'FABIA'),
('cro_att', 'IBIZA'),
('cuir_bes', 'PHANTOM CONVERTIBLE'),
('cui_noi', 'CLASSE C CABRIOLET'),
('cui_noi', 'CLASSE SL'),
('dem_cot', 'FABIA'),
('det_ang_', 'CLASSE A'),
('dif_car', 'MCLAREN 570S SPIDER'),
('dif_car', 'MCLAREN COUPE 570GT'),
('dif_car', 'MCLAREN COUPE 570S'),
('div_ar', 'PANAMERA'),
('ech_chr', 'AVENTADOR S'),
('ech_chr', 'URUS'),
('ecr_pas', '488 SPIDER'),
('ecr_pas', 'PORTOFINO'),
('ecu_AV', 'PORTOFINO'),
('ecu_por', '911 CARRERA COUPE'),
('equ_tel', 'AMG GT'),
('ess_ar', '911 CARRERA COUPE'),
('eti_or', 'PORTOFINO'),
('etr_jaun', '488 SPIDER'),
('etr_jaun', 'GHIBLI'),
('etr_jaun', 'GRANTURISMO'),
('etr_jaun', 'PORTOFINO'),
('etr_jaun', 'QUATTROPORTE'),
('ext_feu', '718'),
('ext_feu', 'MCLAREN COUPE 570GT'),
('ext_feu', 'MCLAREN COUPE 570S'),
('feu_tra', 'RAPIDE'),
('fon_tv', 'M3'),
('fon_tv', 'SERIE 3'),
('fon_tv', 'SERIE 5'),
('fon_tv', 'URUS'),
('fon_tv', 'X3'),
('fon_tv', 'XJ'),
('gic_pei', '911 CARRERA COUPE'),
('hif_pre', 'AVENTADOR S'),
('hif_pre', 'E-PACE'),
('hif_pre', 'F-TYPE COUPE'),
('hif_pre', 'PORTOFINO'),
('hif_pre', 'XJ'),
('hi_fi', 'MITO'),
('hi_fi', 'SERIE 3'),
('hi_fi', 'SERIE 5'),
('hi_fi', 'X3'),
('hum_cig', 'PHANTOM CONVERTIBLE'),
('ins_911', '911 CARRERA COUPE'),
('io_air', 'E-PACE'),
('io_air', 'F-TYPE COUPE'),
('io_air', 'XJ'),
('jup_laq_', 'AMG GT'),
('kit_soi', '4C SPIDER'),
('lec_cd', '488 SPIDER'),
('lec_cd', 'PORTOFINO'),
('mas_av', 'PANAMERA'),
('mas_av_v', 'PANAMERA'),
('mic_off', 'I3'),
('mic_off', 'SERIE 3'),
('mic_off', 'SERIE 5'),
('mic_off', 'X3'),
('mir_cou', '308 SW'),
('mir_cou', 'S4'),
('moir_ar', 'CITAN'),
('mon_arg', '911 CARRERA COUPE'),
('moq_vel', 'A1'),
('moq_vel', 'A8'),
('moq_vel', 'DB11'),
('moq_vel', 'R8 SPYDER'),
('moq_vel', 'RAPIDE'),
('moq_vel', 'S4'),
('moq_vel', 'VANTAGE'),
('mot_car', '911 CARRERA COUPE'),
('nig_amg', 'AMG GT'),
('ouv_cof', 'BENTAYGA'),
('par_bri_', 'CORSA'),
('par_voit', 'DB11'),
('par_voit', 'RAPIDE'),
('par_voit', 'VANTAGE'),
('ped_alu', 'GIULIA'),
('ped_spo', 'BENTAYGA'),
('pein_met', '124 SPIDER'),
('pein_met', '2008'),
('pein_met', 'A3'),
('pein_met', 'A4 ALLROAD'),
('pein_met', 'A8'),
('pein_met', 'ALHAMBRA'),
('pein_met', 'AURIS'),
('pein_met', 'BRZ'),
('pein_met', 'C-ELYSEE'),
('pein_met', 'CARENS'),
('pein_met', 'CASCADA'),
('pein_met', 'CITAN'),
('pein_met', 'CORSA'),
('pein_met', 'CT'),
('pein_met', 'CX-3'),
('pein_met', 'DOBLO'),
('pein_met', 'ECLIPSE CROSS'),
('pein_met', 'EDGE'),
('pein_met', 'ELISE'),
('pein_met', 'EVORA'),
('pein_met', 'EXIGE'),
('pein_met', 'FOCUS'),
('pein_met', 'FORFOUR'),
('pein_met', 'GHIBLI'),
('pein_met', 'GRANTA'),
('pein_met', 'GRANTURISMO'),
('pein_met', 'I3'),
('pein_met', 'I30'),
('pein_met', 'IMPREZA'),
('pein_met', 'ION'),
('pein_met', 'IS'),
('pein_met', 'JUKE'),
('pein_met', 'KARL'),
('pein_met', 'KUGA'),
('pein_met', 'M3'),
('pein_met', 'MAZDA2'),
('pein_met', 'MUSTANG CONVERTIBLE'),
('pein_met', 'NSIGNIA GRAND SPORT'),
('pein_met', 'OPTIMA'),
('pein_met', 'OUTBACK'),
('pein_met', 'PANDA'),
('pein_met', 'PRIORA'),
('pein_met', 'QUATTROPORTE'),
('pein_met', 'R8 SPYDER'),
('pein_met', 'S4'),
('pein_met', 'SERIE 3'),
('pein_met', 'SERIE 5'),
('pein_met', 'SPACE STAR'),
('pein_met', 'SPACETOURER'),
('pein_met', 'TIPO'),
('pein_met', 'TRAVELLER'),
('pein_met', 'TUCSON'),
('pein_met', 'X3'),
('pein_met', 'ZAFIRA'),
('pein_mon', 'GIULIA'),
('pein_san', 'MITO'),
('pein_ves', 'STELVIO'),
('pein_vul', 'GIULIA'),
('pein_vul', 'STELVIO'),
('pei_arg_', 'AMG GT'),
('pei_bia', 'GRANTURISMO'),
('pei_bia', 'QUATTROPORTE'),
('pei_bleu', 'LOGAN'),
('pei_chro', 'AVENTADOR S'),
('pei_chro', 'URUS'),
('pei_mic', 'MAZDA2'),
('pei_ner_', 'AVENTADOR S'),
('pei_ner_', 'URUS'),
('pei_ros_', 'AVENTADOR S'),
('pei_ros_', 'URUS'),
('pei_rou_', 'KADJAR'),
('pei_rou_', 'MEGANE ESTATE'),
('pei_rou_', 'TALISMAN'),
('pei_rou_', 'TWINGO'),
('pei_sel_', 'AMG GT'),
('pei_sig', 'ELISE'),
('pei_sig', 'EXIGE'),
('pei_spe', 'GRANTURISMO'),
('pei_spe', 'QUATTROPORTE'),
('per_inc_', 'PHANTOM CONVERTIBLE'),
('pha_led_', '308 SW'),
('pha_led_', 'CORSA'),
('pla_avo', 'BENTAYGA'),
('pla_per', '595'),
('pla_per', '695'),
('poi_fib', 'RAPIDE'),
('poi_fib', 'VANTAGE'),
('pom_cui', 'A1'),
('pom_cui', 'A3'),
('pom_cui', 'A4 ALLROAD'),
('por_clo', 'MCLAREN 570S SPIDER'),
('por_clo', 'MCLAREN COUPE 570GT'),
('por_clo', 'MCLAREN COUPE 570S'),
('por_ent', '718'),
('por_hab', '488 SPIDER'),
('por_hab', 'PORTOFINO'),
('por_log_', 'MCLAREN 570S SPIDER'),
('por_log_', 'MCLAREN COUPE 570GT'),
('por_log_', 'MCLAREN COUPE 570S'),
('pre_cro_', 'IBIZA'),
('rad_tel_', 'FABIA'),
('ref_cof_', 'PHANTOM CONVERTIBLE'),
('rep_alu', 'PORTOFINO'),
('rep_sat', 'MCLAREN 570S SPIDER'),
('rep_sat', 'MCLAREN COUPE 570GT'),
('rep_sat', 'MCLAREN COUPE 570S'),
('res_35', 'FORFOUR'),
('ret_ext_', 'TWINGO'),
('sel_cui', 'A4 ALLROAD'),
('sel_cui', 'A8'),
('sel_cui', 'BENTAYGA'),
('sel_cui', 'E-PACE'),
('sel_cui', 'EDGE'),
('sel_cui', 'F-TYPE COUPE'),
('sel_cui', 'MUSTANG CONVERTIBLE'),
('sel_cui', 'R8 SPYDER'),
('sel_cui', 'S4'),
('sel_cui', 'SERIE 3'),
('sel_cui', 'SERIE 5'),
('sel_cui', 'STELVIO'),
('sel_cui', 'X3'),
('sel_cui', 'XJ'),
('sel_rouo', '4C SPIDER'),
('seu_ecl', 'AMG GT'),
('seu_ecl', 'CLASSE SL'),
('sie_av_h', 'FABIA'),
('sie_cha', '308 SW'),
('sie_cha', 'A3'),
('sie_cha', 'A4 ALLROAD'),
('sie_cha', 'A8'),
('sie_cha', 'AVENTADOR S'),
('sie_cha', 'BENTAYGA'),
('sie_cha', 'CLASSE A'),
('sie_cha', 'CLASSE C CABRIOLET'),
('sie_cha', 'DOBLO'),
('sie_cha', 'E-PACE'),
('sie_cha', 'F-TYPE COUPE'),
('sie_cha', 'I3'),
('sie_cha', 'MITO'),
('sie_cha', 'MUSTANG CONVERTIBLE'),
('sie_cha', 'PRIORA'),
('sie_cha', 'R8 SPYDER'),
('sie_cha', 'S4'),
('sie_cha', 'URUS'),
('sie_cha', 'X3'),
('sie_cha', 'XJ'),
('sie_cha_', 'M3'),
('sie_cha_', 'SERIE 3'),
('sie_cha_', 'SERIE 5'),
('sie_cha_', 'X3'),
('sie_vent', 'CLASSE C CABRIOLET'),
('sie_vent', 'CLASSE SL'),
('sie_vent', 'DB11'),
('sie_vent', 'GHIBLI'),
('sie_vent', 'QUATTROPORTE'),
('sie_vent', 'RAPIDE'),
('sie_vent', 'VANTAGE'),
('sie_ver', 'TWIZY'),
('spo_pei', '911 CARRERA COUPE'),
('sur_sys', '911 CARRERA COUPE'),
('sus_ada', 'CLASSE A'),
('sys_lev', 'MCLAREN 570S SPIDER'),
('sys_lev', 'MCLAREN COUPE 570GT'),
('sys_lev', 'MCLAREN COUPE 570S'),
('tap_agn', 'PHANTOM CONVERTIBLE'),
('tap_sol_', 'F-TYPE COUPE'),
('tel_AV', 'A8'),
('tel_AV', 'R8 SPYDER'),
('toi_occ_', 'TRAVELLER'),
('toi_Ouv', '595'),
('toi_Ouv', '695'),
('toi_Ouv', 'A3'),
('toi_Ouv', 'A8'),
('toi_Ouv', 'GIULIA'),
('toi_Ouv', 'I3'),
('toi_Ouv', 'KARL'),
('toi_Ouv', 'M3'),
('toi_Ouv', 'NSIGNIA GRAND SPORT'),
('toi_Ouv', 'R8 SPYDER'),
('toi_Ouv', 'S4'),
('toi_Ouv', 'SERIE 3'),
('toi_Ouv', 'SERIE 5'),
('toi_Ouv', 'STELVIO'),
('toi_Ouv', 'X3'),
('toi_pal_', 'MCLAREN 570S SPIDER'),
('toi_pal_', 'MCLAREN COUPE 570GT'),
('toi_pal_', 'MCLAREN COUPE 570S'),
('toi_pan', 'CLASSE A'),
('toi_pan', 'CLASSE SL'),
('toi_pan', 'URUS'),
('tri_cee', 'CITAN'),
('vid_poc', 'A1'),
('vid_poc', 'A8'),
('vid_poc', 'DB11'),
('vid_poc', 'R8 SPYDER'),
('vid_poc', 'RAPIDE'),
('vid_poc', 'S4'),
('vid_poc', 'VANTAGE'),
('vit_comp', '695 BIPOSTO'),
('vit_pot_', 'CITAN'),
('vit_tein', 'A1'),
('vit_tein', 'ASTRA'),
('vit_tein', 'GIULIA'),
('vit_tein', 'GRANTA'),
('vit_tein', 'MITO'),
('vit_tein', 'PRIORA'),
('vit_tein', 'S4'),
('vit_tein', 'STELVIO'),
('vit_tein', 'XJ'),
('vol_3br', 'BENTAYGA'),
('vol_cout', 'URUS'),
('vol_lev_', 'GRANTURISMO'),
('vol_lev_', 'QUATTROPORTE');

-- --------------------------------------------------------

--
-- Structure de la table `client`
--

DROP TABLE IF EXISTS `client`;
CREATE TABLE IF NOT EXISTS `client` (
  `Cli_num` int(10) NOT NULL,
  `Cli_raison_sociale` varchar(70) NOT NULL,
  `Cli_adresse` varchar(50) NOT NULL,
  `Cli_code_postal` varchar(7) NOT NULL,
  `Cli_ville` varchar(50) NOT NULL,
  PRIMARY KEY (`Cli_num`)
) ENGINE=InnoDB DEFAULT CHARSET=latin1;

--
-- Déchargement des données de la table `client`
--

INSERT INTO `client` (`Cli_num`, `Cli_raison_sociale`, `Cli_adresse`, `Cli_code_postal`, `Cli_ville`) VALUES
(1, 'AU CAR DE TOUR', 'RUE EMILE DEWOITINE', '37210', 'PARCAY-MESLAY'),
(2, '2B AUTO', '7 RUE AIME CESAIRE ZI DU MOULIOT', '32000', 'AUCH'),
(3, '72 AUTO PARC', '10 BIS RUE DES FRERES RENAULT', '72100', 'LE MANS'),
(4, 'AAA LUXURY & SPORT CAR RENTAL', '14 RUE PASTEUR', '06400', 'CANNES'),
(5, 'ABC CANNES', 'LE CANNET ESPACE 50 AVENUE DU CAMPON', '06110', 'LE CANNET'),
(6, 'ABSOLUT AUTOMOBILES', 'AVENUE FRIDINGEN ZAC DE LA FOULEE', '77100', 'NANTEUIL LES MEAUX'),
(7, 'ACCEL AUTO', 'ZONE ARTISANALE DU PRE ROND', '25680', 'CUSE ET ADRISANS'),
(8, 'ALIZE AUTOMOBILES', '20 ROUTE DE FONTAINEBLEAU', '77930', 'CHAILLY EN BIERE'),
(9, 'AMADEUS CANNES', 'AVENUE DU CAMPON', '06110', 'LE CANNET'),
(10, 'AMPLITUDE AUTOMOBILES', '7 RUE BENJAMIN FRANKLIN', '37170', 'CHAMBRAY LES TOURS'),
(11, 'ART & VITESSE', '122 BOULEVARD BERTHIER', '75017', 'PARIS'),
(12, 'BEKE AUTOMOBILES', '63 AV DE FONTAINEBLEAU', '94320', 'THIAIS'),
(13, 'BEAUMONT AUTOMOBILES', '45 RUE CAMBRONNE', '75015', 'PARIS'),
(14, 'BAYONNE AUTOMOBILES', 'ROND POINT SUTAR ROUTE DE CAMBO', '64100', 'BAYONNE'),
(15, 'AC CONCEPT', '1 RENE MIET', '28100', 'DREUX'),
(16, 'DIFFERENTIEL', '8 RUE DE CHALIGNY', '75012', 'PARIS 12EME'),
(17, 'ECO DES NATIONS', '166 AVE DU PLATEAU DES GLIERES', '86000', 'POITIERS'),
(18, 'EDISON AUTOMOBILES', '40 RUE ALBERT EINSTEIN', '72000', 'LE MANS'),
(19, 'CAR SELECTION', '24 RUE DU CHAMP DE MARS', '75007', 'PARIS'),
(20, 'CREATIONS AUTOMOBILES', '63 AVENUE DU MONT RIBOUDET', '76000', 'ROUEN'),
(21, 'JFC NORMANDIE LISIEUX', '58 RUE PAUL CORNU', '14100', 'LISIEUX'),
(22, 'K67 PORSCHE STRASBOURG KROELY', '1 RUE EMILE MATHIS', '67800', 'HOENHEIM'),
(23, 'INNOV AUTO PASSION', '38 ROUTE DE BORDEAUX', '33500', 'ARVEYRES'),
(24, 'GOLD CARS', 'IMPASSE DE L AUBETTE', '95420', 'MAGNY EN VEXIN'),
(25, 'TRANSALP AUTOMOBILES', '7 AVENUE DES GENETS', '06140', 'VENCE'),
(26, 'RUSCHER AUTOMOBILES', '10 B RUE DES MINES', '67330', 'BOUXWILLER'),
(27, 'QUIMPERLE AUTOMOBILES', '6 RUE ERIC TABARLY ZA DE KERVIDANNOU', '29300', 'QUIMPERLE'),
(28, 'LA CLE DES CHAMPS', '38 RUE DE LA LIBERATION', '49340', 'NUAILLE'),
(29, 'LA SOCHALIENNE', '13 RUE DE LONDRES', '13127', 'VITROLLES'),
(30, 'LAFONTAINE BIGORRE', 'BOULEVARD DU PRESIDENT KENNEDY ROND POINT MARC GIA', '65000', 'TARBES'),
(41, 'LAMBORGHINI PARIS', '2 RUE BELLINI', '92800', 'PUTEAUX'),
(42, 'WACK AUTOMOBILES', '3 ROUTE DE STRASBOURG', '67500', 'HAGUENAU'),
(43, 'TIMAUTO - AUTOMOBILE DUNKERQUE', '18 BOULEVARD PIERRE MENDES', '59240', 'DUNKERQUE'),
(45, 'L.A PRESTIGE CAR', '18 AVENUE BLAISE PASCAL', '60000', 'BEAUVAIS'),
(46, 'PRECIOUS DRIVER', '345 AV DU GENERAL DE GAULLE', '92140', 'CLAMART'),
(47, 'PASSION AUTOMOBILE', '11 CHEMIN DE LA FURGUAI', '44500', 'LA BAULE'),
(49, 'LA VILLA ROSE', '997 MONTEE DE ROGNARD', '69970', 'CHAPONNAY'),
(50, 'IMPERIAL GARAGE', '8 ALLEE DES RIGOLES', '78170', 'LA CELLE SAINT CLOUD'),
(52, 'LECLUZE AUTOMOBILE', '192 RUE DU GENERAL MOULIN', '14000', 'CAEN'),
(53, 'LEMMA AUTOMOBILES', '7 IMPASSE DES CERISIERS', '67500', 'BATZENDORF'),
(54, 'JCL AUTO LUBERON', '208 B CHEMIN DE LA DROUINE', '84560', 'MENERBES'),
(55, 'IDEAL CARS', 'DEPARTEMENTALE 8 QUARTIER LA GAILLARDE', '83520', 'ROQUEBRUNE SUR ARGENS'),
(61, 'GS AUTOMOBILES', '21 RUE JOSEPH CUGNOT', '37300', 'JOUE LES TOURS'),
(62, 'GUILLET AUTOMOBILES', '3 RUE CHARLES RIVIERE', '44400', 'REZE'),
(63, 'GO4PREMIUM', '6 BOULEVARD DE LA GARE', '31500', 'TOULOUSE'),
(64, 'GARAGE DES MONTS', '54 AVENUE DES MONTS', '85700', 'SAINT MESMIN'),
(65, 'GARAGE CUYNET', '10 RUE BARONNE DELORT', '39300', 'CHAMPAGNOLE'),
(71, 'FORMAUTO', '176 AVENUE DES NOELS', '41350', 'VINEUIL'),
(72, 'FLASHING CARS', '26 RUE DE LA MAISON ROUGE', '77185', 'LOGNES'),
(77, 'EVEN CLASSIC CARS', 'ROUTE NATIONAL 7', '83480', 'PUGET SUR ARGENS'),
(78, 'EXCLUSIVE CARS', '140 RUE JACQUES TALMANT', '62830', 'SAMER'),
(82, 'EXCELLIUM CARS', '2 RUE DE SUEDE', '67230', 'BENFELD'),
(83, 'FORMULE VO', '180 ROUTE DE DRAGUIGNAN', '06130', 'GRASSE'),
(84, 'ESPRIT GP', '382 RUE DES TAMARIS', '82000', 'MONTAUBAN'),
(85, 'DONALD AUTO 21', '8 RUE DE LA GRANDE FIN', '21121', 'FONTAINE LES DIJON'),
(91, 'DORMOY AUTOMOBILES', 'ZI LES ARBLETIERS', '25400', 'AUDINCOURT'),
(92, 'CUP 40', '28 AVENUE LARTIGAU', '40130', 'CAPBRETON'),
(93, 'CSL AUTOMOBILES', '16 RUE DE LA BAUCHE THIRAUD', '44400', 'REZE'),
(94, 'CARIMPEX', 'ZA LES CINQ ARPENTS', '37250', 'SORIGNY'),
(95, 'CH8 AUTOS', '51 A RUE DE MULHOUSE', '68170', 'RIXHEIM'),
(96, 'CARRUS', '1 BOULEVARD DE LA MARNE', '59420', 'MOUVAUX'),
(99, 'DAVID CORNU AUTOMOBILES MACON', '60 ROUTE DE LYON', '71000', 'MACON'),
(102, 'BG AUTOMOBILE', '5 RUE DE LA TAUPINIERE', '91120', 'PALAISEAU'),
(104, 'AUTOPM64', '2 ROUTE DE PITOYS ZONE DE MAIGNON BAT LES ARCHES', '64600', 'ANGLET'),
(112, 'ATTIRANCE AUTO', '19 RUE MICHEL CARRE', '66330', 'CABESTANY'),
(113, 'ATTRACTIVE CARS', '12 B AVENUE DU PRESIDENT WILSON', '41000', 'BLOIS'),
(115, 'LAFONTAINE 40', '2316 AVENUE DU MARECHAL JUIN', '40000', 'MONT DE MARSAN'),
(116, 'PASSION AUTOMOBILE', 'AV DU GENERAL LECLERC', '11000', 'CARCASSONNE'),
(124, 'CAP OUEST', '445 RUE GUSTAVE EIFFEL', '11000', 'CARCASSONNE'),
(126, 'CAP MOUROT', 'ZAC SEBASTOPOL 4 RUE DES CHARPENTIERS', '57070', 'METZ'),
(127, 'LECLUZE AUTOMOBILE', '192 RUE DU GENERAL MOULIN', '14000', 'CAEN'),
(143, 'CLASSIC AUTOSTORE', '175 RUE DE GOUESNOU', '29200', 'BREST');

-- --------------------------------------------------------

--
-- Structure de la table `commande`
--

DROP TABLE IF EXISTS `commande`;
CREATE TABLE IF NOT EXISTS `commande` (
  `Cmd_num` int(10) NOT NULL,
  `Cmd_date_commande` date NOT NULL,
  `Cli_num` int(10) NOT NULL,
  `Ven_num` int(10) NOT NULL,
  PRIMARY KEY (`Cmd_num`,`Cli_num`),
  KEY `Cli_num` (`Cli_num`),
  KEY `Ven_num` (`Ven_num`)
) ENGINE=InnoDB DEFAULT CHARSET=latin1;

--
-- Déchargement des données de la table `commande`
--

INSERT INTO `commande` (`Cmd_num`, `Cmd_date_commande`, `Cli_num`, `Ven_num`) VALUES
(1, '2017-07-31', 1, 11),
(1, '2017-03-15', 2, 133),
(1, '2017-07-27', 3, 136),
(1, '2017-08-15', 4, 94),
(1, '2017-09-25', 5, 78),
(1, '2017-11-25', 6, 42),
(1, '2017-10-26', 7, 153),
(1, '2017-01-12', 8, 3),
(1, '2017-11-14', 9, 16),
(1, '2017-02-17', 10, 192),
(1, '2017-01-23', 11, 198),
(1, '2017-12-13', 12, 92),
(1, '2017-03-06', 13, 58),
(1, '2017-01-19', 14, 100),
(1, '2017-08-24', 15, 141),
(1, '2017-03-17', 16, 33),
(1, '2017-06-29', 17, 83),
(1, '2017-01-17', 18, 157),
(1, '2017-12-03', 19, 144),
(1, '2017-03-04', 20, 24),
(1, '2017-03-08', 21, 53),
(1, '2017-06-03', 22, 145),
(1, '2017-06-23', 23, 100),
(1, '2017-05-23', 24, 198),
(1, '2017-03-14', 25, 5),
(1, '2017-04-24', 26, 71),
(1, '2017-04-04', 27, 139),
(1, '2017-05-23', 28, 183),
(1, '2017-01-26', 29, 77),
(1, '2017-07-29', 30, 95),
(1, '2017-11-20', 41, 92),
(1, '2017-08-17', 42, 142),
(1, '2017-07-30', 43, 53),
(1, '2017-11-12', 45, 53),
(1, '2017-04-23', 46, 17),
(1, '2017-02-01', 47, 139),
(1, '2017-10-10', 49, 153),
(1, '2017-07-24', 50, 42),
(1, '2017-11-17', 52, 65),
(1, '2017-06-01', 53, 73),
(1, '2017-11-12', 54, 85),
(1, '2017-12-05', 55, 94),
(1, '2017-05-13', 61, 7),
(1, '2017-01-05', 62, 136),
(1, '2017-05-24', 63, 126),
(1, '2017-10-17', 64, 75),
(1, '2017-12-27', 65, 20),
(1, '2017-12-18', 71, 187),
(1, '2017-09-17', 72, 3),
(1, '2017-07-14', 77, 94),
(1, '2017-05-01', 78, 53),
(1, '2017-10-04', 82, 142),
(1, '2017-10-24', 83, 78),
(1, '2017-11-27', 84, 114),
(1, '2017-06-27', 85, 8),
(1, '2017-04-21', 91, 200),
(1, '2017-04-30', 92, 90),
(1, '2017-05-23', 93, 23),
(1, '2017-01-14', 94, 203),
(1, '2017-03-01', 95, 73),
(1, '2017-01-18', 96, 65),
(1, '2017-03-11', 99, 176),
(1, '2017-08-01', 102, 3),
(1, '2017-12-02', 104, 107),
(1, '2017-02-02', 112, 130),
(1, '2017-06-30', 113, 14),
(1, '2017-02-20', 115, 95),
(1, '2017-06-14', 116, 115),
(1, '2017-05-28', 124, 127),
(1, '2017-08-02', 126, 84),
(1, '2017-03-09', 127, 65),
(1, '2017-12-21', 143, 171),
(2, '2017-11-28', 1, 13),
(2, '2017-07-07', 2, 113),
(2, '2017-12-12', 3, 137),
(2, '2017-01-25', 4, 16),
(2, '2017-01-26', 5, 78),
(2, '2017-03-22', 6, 4),
(2, '2017-07-13', 7, 8),
(2, '2017-10-22', 8, 144),
(2, '2017-01-17', 9, 85),
(2, '2017-12-21', 10, 55),
(2, '2017-04-02', 11, 33),
(2, '2017-01-14', 12, 33),
(2, '2017-08-31', 13, 4),
(2, '2017-06-22', 14, 105),
(2, '2017-01-27', 15, 41),
(2, '2017-09-12', 16, 144),
(2, '2017-02-22', 17, 52),
(2, '2017-05-05', 18, 166),
(2, '2017-07-27', 19, 198),
(2, '2017-09-19', 20, 24),
(2, '2017-08-13', 21, 53),
(2, '2017-02-16', 22, 145),
(2, '2017-10-25', 23, 102),
(2, '2017-01-22', 24, 92),
(2, '2017-04-21', 25, 89),
(2, '2017-11-29', 26, 61),
(2, '2017-03-08', 27, 23),
(2, '2017-09-20', 28, 83),
(2, '2017-09-01', 29, 77),
(2, '2017-08-19', 30, 98),
(2, '2017-08-25', 41, 147),
(2, '2017-02-10', 42, 74),
(2, '2017-03-14', 43, 65),
(2, '2017-07-08', 45, 65),
(2, '2017-05-10', 46, 92),
(2, '2017-06-11', 47, 157),
(2, '2017-12-14', 49, 32),
(2, '2017-07-19', 50, 144),
(2, '2017-04-06', 52, 53),
(2, '2017-09-30', 53, 180),
(2, '2017-02-06', 54, 6),
(2, '2017-07-07', 55, 85),
(2, '2017-03-24', 61, 29),
(2, '2017-05-31', 62, 177),
(2, '2017-10-07', 63, 148),
(2, '2017-05-02', 64, 150),
(2, '2017-02-01', 65, 153),
(2, '2017-07-14', 71, 91),
(2, '2017-04-06', 72, 140),
(2, '2017-03-16', 77, 78),
(2, '2017-09-04', 78, 65),
(2, '2017-05-01', 82, 145),
(2, '2017-08-04', 83, 77),
(2, '2017-04-04', 84, 126),
(2, '2017-06-23', 85, 8),
(2, '2017-09-28', 91, 153),
(2, '2017-05-27', 92, 97),
(2, '2017-02-21', 93, 164),
(2, '2017-12-10', 94, 1),
(2, '2017-08-18', 95, 61),
(2, '2017-05-23', 96, 65),
(2, '2017-02-17', 99, 153),
(2, '2017-05-03', 102, 58),
(2, '2017-07-05', 104, 100),
(2, '2017-09-02', 112, 125),
(2, '2017-12-04', 113, 96),
(2, '2017-02-15', 115, 149),
(2, '2017-11-21', 116, 121),
(2, '2017-12-23', 124, 119),
(2, '2017-11-04', 126, 61),
(2, '2017-03-09', 127, 24),
(2, '2017-07-04', 143, 160),
(3, '2017-02-09', 1, 11),
(3, '2017-02-07', 2, 131),
(3, '2017-02-22', 3, 166),
(3, '2017-04-08', 4, 6),
(3, '2017-02-18', 5, 94),
(3, '2017-10-12', 6, 92),
(3, '2017-12-22', 7, 153),
(3, '2017-08-08', 8, 42),
(3, '2017-01-30', 9, 94),
(3, '2017-04-02', 10, 190),
(3, '2017-06-10', 11, 140),
(3, '2017-06-18', 12, 41),
(3, '2017-02-21', 13, 140),
(3, '2017-12-07', 14, 95),
(3, '2017-03-29', 15, 15),
(3, '2017-10-01', 16, 31),
(3, '2017-06-14', 17, 188),
(3, '2017-07-05', 18, 164),
(3, '2017-12-31', 19, 60),
(3, '2017-04-20', 20, 53),
(3, '2017-02-09', 21, 53),
(3, '2017-02-19', 22, 145),
(3, '2017-02-04', 23, 90),
(3, '2017-06-20', 24, 40),
(3, '2017-06-26', 25, 85),
(3, '2017-10-17', 26, 142),
(3, '2017-01-05', 27, 178),
(3, '2017-04-10', 28, 21),
(3, '2017-04-06', 29, 5),
(3, '2017-10-22', 30, 107),
(3, '2017-11-23', 41, 17),
(3, '2017-07-16', 42, 185),
(3, '2017-02-08', 43, 24),
(3, '2017-01-27', 45, 53),
(3, '2017-05-06', 46, 58),
(3, '2017-08-03', 47, 155),
(3, '2017-07-20', 49, 197),
(3, '2017-04-24', 50, 34),
(3, '2017-03-16', 52, 24),
(3, '2017-11-10', 53, 185),
(3, '2017-11-29', 54, 85),
(3, '2017-09-10', 55, 94),
(3, '2017-06-29', 61, 196),
(3, '2017-03-31', 62, 164),
(3, '2017-07-31', 63, 124),
(3, '2017-03-31', 64, 75),
(3, '2017-06-30', 65, 176),
(3, '2017-05-08', 71, 172),
(3, '2017-08-21', 72, 34),
(3, '2017-10-07', 77, 16),
(3, '2017-01-23', 78, 65),
(3, '2017-12-23', 82, 73),
(3, '2017-05-23', 83, 6),
(3, '2017-05-25', 84, 111),
(3, '2017-02-11', 85, 176),
(3, '2017-09-07', 91, 153),
(3, '2017-01-11', 92, 149),
(3, '2017-07-18', 93, 177),
(3, '2017-12-04', 94, 96),
(3, '2017-10-03', 95, 61),
(3, '2017-06-29', 96, 53),
(3, '2017-01-19', 99, 197),
(3, '2017-04-26', 102, 34),
(3, '2017-02-02', 104, 99),
(3, '2017-07-17', 112, 108),
(3, '2017-07-09', 113, 82),
(3, '2017-04-03', 115, 97),
(3, '2017-07-15', 116, 115),
(3, '2017-02-26', 124, 123),
(3, '2017-07-30', 126, 61),
(3, '2017-01-31', 127, 53),
(3, '2017-06-24', 143, 178),
(4, '2017-05-15', 1, 13),
(4, '2017-10-21', 2, 127),
(4, '2017-09-21', 3, 135),
(4, '2017-09-03', 4, 78),
(4, '2017-08-29', 5, 88),
(4, '2017-01-06', 6, 198),
(4, '2017-01-31', 7, 191),
(4, '2017-05-21', 8, 42),
(4, '2017-09-01', 9, 6),
(4, '2017-01-25', 10, 2),
(4, '2017-06-26', 11, 60),
(4, '2017-02-19', 12, 33),
(4, '2017-02-10', 13, 41),
(4, '2017-08-17', 14, 102),
(4, '2017-04-16', 15, 58),
(4, '2017-01-05', 16, 3),
(4, '2017-01-30', 17, 56),
(4, '2017-04-12', 18, 160),
(4, '2017-04-18', 19, 15),
(4, '2017-01-16', 20, 24),
(4, '2017-03-05', 21, 65),
(4, '2017-01-04', 22, 74),
(4, '2017-05-23', 23, 99),
(4, '2017-02-21', 24, 42),
(4, '2017-01-31', 25, 88),
(4, '2017-05-25', 26, 87),
(4, '2017-06-01', 27, 134),
(4, '2017-08-21', 28, 13),
(4, '2017-02-11', 29, 89),
(4, '2017-07-31', 30, 102),
(4, '2017-10-04', 41, 4),
(4, '2017-06-28', 42, 71),
(4, '2017-12-05', 43, 65),
(4, '2017-02-11', 45, 65),
(4, '2017-10-31', 46, 201),
(4, '2017-07-10', 47, 23),
(4, '2017-12-19', 49, 176),
(4, '2017-05-10', 50, 141),
(4, '2017-07-23', 52, 65),
(4, '2017-04-04', 53, 185),
(4, '2017-04-16', 54, 88),
(4, '2017-03-29', 55, 89),
(4, '2017-12-07', 61, 14),
(4, '2017-02-07', 62, 169),
(4, '2017-11-26', 63, 122),
(4, '2017-12-01', 64, 79),
(4, '2017-10-17', 65, 197),
(4, '2017-03-14', 71, 195),
(4, '2017-03-28', 72, 144),
(4, '2017-03-15', 77, 5),
(4, '2017-05-07', 78, 24),
(4, '2017-06-19', 82, 180),
(4, '2017-04-16', 83, 5),
(4, '2017-04-29', 84, 108),
(4, '2017-01-24', 85, 197),
(4, '2017-09-08', 91, 200),
(4, '2017-12-06', 92, 104),
(4, '2017-08-16', 93, 163),
(4, '2017-09-20', 94, 27),
(4, '2017-05-23', 95, 87),
(4, '2017-02-13', 96, 24),
(4, '2017-12-18', 99, 191),
(4, '2017-04-18', 102, 38),
(4, '2017-10-30', 104, 86),
(4, '2017-08-20', 112, 124),
(4, '2017-01-17', 113, 83),
(4, '2017-06-30', 115, 86),
(4, '2017-08-05', 116, 120),
(4, '2017-06-21', 124, 148),
(4, '2017-12-27', 126, 74),
(4, '2017-07-16', 127, 53),
(4, '2017-05-08', 143, 166),
(5, '2017-04-07', 1, 14),
(5, '2017-11-22', 2, 129),
(5, '2017-03-23', 3, 162),
(5, '2017-05-28', 4, 94),
(5, '2017-04-06', 5, 85),
(5, '2017-10-05', 6, 15),
(5, '2017-11-25', 7, 197),
(5, '2017-01-14', 8, 141),
(5, '2017-08-28', 9, 77),
(5, '2017-11-11', 10, 11),
(5, '2017-11-25', 11, 144),
(5, '2017-02-04', 12, 38),
(5, '2017-08-05', 13, 42),
(5, '2017-04-24', 14, 97),
(5, '2017-02-02', 15, 201),
(5, '2017-10-12', 16, 15),
(5, '2017-01-01', 17, 189),
(5, '2017-03-16', 18, 138),
(5, '2017-12-31', 19, 92),
(5, '2017-10-07', 20, 24),
(5, '2017-09-02', 21, 53),
(5, '2017-03-04', 22, 180),
(5, '2017-07-21', 23, 102),
(5, '2017-06-17', 24, 40),
(5, '2017-08-25', 25, 6),
(5, '2017-02-11', 26, 181),
(5, '2017-08-07', 27, 166),
(5, '2017-04-23', 28, 55),
(5, '2017-03-22', 29, 6),
(5, '2017-06-28', 30, 102),
(5, '2017-02-07', 41, 140),
(5, '2017-01-26', 42, 74),
(5, '2017-04-04', 43, 53),
(5, '2017-04-09', 45, 65),
(5, '2017-05-18', 46, 198),
(5, '2017-09-27', 47, 157),
(5, '2017-01-31', 49, 32),
(5, '2017-05-15', 50, 140),
(5, '2017-06-11', 52, 24),
(5, '2017-08-08', 53, 87),
(5, '2017-11-28', 54, 16),
(5, '2017-12-16', 55, 6),
(5, '2017-12-05', 61, 27),
(5, '2017-07-19', 62, 138),
(5, '2017-02-21', 63, 125),
(5, '2017-02-26', 64, 149),
(5, '2017-12-10', 65, 176),
(5, '2017-09-05', 71, 195),
(5, '2017-03-10', 72, 15),
(5, '2017-09-07', 77, 94),
(5, '2017-08-11', 78, 65),
(5, '2017-06-03', 82, 74),
(5, '2017-04-04', 83, 16),
(5, '2017-09-06', 84, 118),
(5, '2017-02-13', 85, 200),
(5, '2017-02-23', 91, 32),
(5, '2017-01-18', 92, 76),
(5, '2017-06-18', 93, 135),
(5, '2017-04-08', 94, 91),
(5, '2017-03-18', 95, 84),
(5, '2017-07-16', 96, 24),
(5, '2017-12-22', 99, 200),
(5, '2017-06-20', 102, 38),
(5, '2017-02-11', 104, 150),
(5, '2017-08-23', 112, 130),
(5, '2017-06-25', 113, 172),
(5, '2017-05-04', 115, 90),
(5, '2017-06-23', 116, 113),
(5, '2017-08-14', 124, 121),
(5, '2017-04-16', 126, 174),
(5, '2017-05-20', 127, 53),
(5, '2017-02-12', 143, 166),
(6, '2017-01-28', 1, 50),
(6, '2017-10-05', 2, 110),
(6, '2017-12-10', 3, 137),
(6, '2017-06-11', 4, 5),
(6, '2017-05-24', 5, 78),
(6, '2017-02-03', 6, 4),
(6, '2017-03-15', 7, 191),
(6, '2017-02-09', 8, 58),
(6, '2017-09-05', 9, 85),
(6, '2017-07-30', 10, 55),
(6, '2017-03-04', 11, 92),
(6, '2017-03-01', 12, 58),
(6, '2017-01-30', 13, 40),
(6, '2017-12-24', 14, 86),
(6, '2017-04-13', 15, 4),
(6, '2017-08-16', 16, 38),
(6, '2017-09-14', 17, 186),
(6, '2017-02-16', 18, 44),
(6, '2017-04-28', 19, 31),
(6, '2017-03-14', 20, 24),
(6, '2017-11-29', 21, 65),
(6, '2017-05-16', 22, 174),
(6, '2017-09-02', 23, 97),
(6, '2017-03-10', 24, 40),
(6, '2017-04-01', 25, 94),
(6, '2017-12-28', 26, 73),
(6, '2017-12-13', 27, 157),
(6, '2017-02-03', 28, 72),
(6, '2017-06-08', 29, 94),
(6, '2017-06-30', 30, 75),
(6, '2017-10-31', 41, 34),
(6, '2017-05-26', 42, 185),
(6, '2017-11-22', 43, 24),
(6, '2017-10-09', 45, 53),
(6, '2017-03-07', 46, 33),
(6, '2017-02-18', 47, 139),
(6, '2017-01-06', 49, 191),
(6, '2017-07-19', 50, 40),
(6, '2017-01-06', 52, 65),
(6, '2017-11-21', 53, 73),
(6, '2017-07-16', 54, 88),
(6, '2017-05-05', 55, 16),
(6, '2017-01-29', 61, 55),
(6, '2017-07-25', 62, 177),
(6, '2017-02-20', 63, 110),
(6, '2017-08-01', 64, 80),
(6, '2017-12-08', 65, 200),
(6, '2017-04-06', 71, 146),
(6, '2017-12-29', 72, 92),
(6, '2017-04-19', 77, 94),
(6, '2017-12-18', 78, 24),
(6, '2017-03-02', 82, 174),
(6, '2017-05-20', 83, 78),
(6, '2017-05-21', 84, 133),
(6, '2017-05-17', 85, 197),
(6, '2017-03-14', 91, 176),
(6, '2017-06-22', 92, 150),
(6, '2017-02-24', 93, 136),
(6, '2017-02-05', 94, 29),
(6, '2017-07-30', 95, 185),
(6, '2017-03-13', 96, 53),
(6, '2017-05-27', 99, 200),
(6, '2017-03-18', 102, 4),
(6, '2017-02-13', 104, 86),
(6, '2017-02-15', 112, 120),
(6, '2017-10-31', 113, 52),
(6, '2017-04-15', 115, 100),
(6, '2017-05-06', 116, 125),
(6, '2017-10-07', 124, 111),
(6, '2017-01-09', 126, 74),
(6, '2017-01-16', 127, 24),
(6, '2017-11-01', 143, 179),
(7, '2017-07-31', 1, 154),
(7, '2017-10-03', 2, 121),
(7, '2017-04-06', 3, 166),
(7, '2017-09-26', 4, 85),
(7, '2017-10-28', 5, 6),
(7, '2017-06-02', 6, 42),
(7, '2017-06-07', 7, 51),
(7, '2017-05-12', 8, 198),
(7, '2017-11-23', 9, 88),
(7, '2017-02-18', 10, 194),
(7, '2017-08-13', 11, 40),
(7, '2017-02-15', 12, 40),
(7, '2017-02-17', 13, 201),
(7, '2017-12-20', 14, 105),
(7, '2017-06-15', 15, 31),
(7, '2017-05-14', 16, 17),
(7, '2017-08-05', 17, 96),
(7, '2017-02-20', 18, 165),
(7, '2017-08-14', 19, 144),
(7, '2017-12-29', 20, 53),
(7, '2017-05-07', 21, 65),
(7, '2017-08-15', 22, 71),
(7, '2017-09-29', 23, 103),
(7, '2017-02-28', 24, 40),
(7, '2017-07-08', 25, 16),
(7, '2017-12-23', 26, 180),
(7, '2017-12-10', 27, 179),
(7, '2017-03-06', 28, 143),
(7, '2017-06-19', 29, 78),
(7, '2017-09-02', 30, 86),
(7, '2017-11-20', 41, 58),
(7, '2017-06-16', 42, 145),
(7, '2017-06-05', 43, 24),
(7, '2017-12-24', 45, 65),
(7, '2017-11-11', 46, 17),
(7, '2017-07-19', 47, 175),
(7, '2017-06-17', 49, 197),
(7, '2017-01-05', 50, 41),
(7, '2017-07-23', 52, 53),
(7, '2017-07-23', 53, 87),
(7, '2017-01-23', 54, 6),
(7, '2017-11-23', 55, 94),
(7, '2017-07-12', 61, 188),
(7, '2017-12-30', 62, 155),
(7, '2017-09-15', 63, 113),
(7, '2017-01-09', 64, 76),
(7, '2017-06-12', 65, 153),
(7, '2017-06-20', 71, 190),
(7, '2017-10-09', 72, 40),
(7, '2017-05-30', 77, 78),
(7, '2017-10-08', 78, 65),
(7, '2017-12-07', 82, 74),
(7, '2017-12-09', 83, 78),
(7, '2017-12-28', 84, 118),
(7, '2017-08-24', 85, 200),
(7, '2017-06-26', 91, 200),
(7, '2017-03-06', 92, 102),
(7, '2017-01-30', 93, 165),
(7, '2017-05-27', 94, 182),
(7, '2017-11-30', 95, 71),
(7, '2017-03-07', 96, 53),
(7, '2017-05-16', 99, 20),
(7, '2017-11-10', 102, 40),
(7, '2017-12-10', 104, 173),
(7, '2017-02-09', 112, 130),
(7, '2017-11-02', 113, 82),
(7, '2017-12-17', 115, 76),
(7, '2017-12-24', 116, 123),
(7, '2017-01-29', 124, 125),
(7, '2017-06-22', 126, 174),
(7, '2017-03-13', 127, 53),
(7, '2017-05-18', 143, 139),
(8, '2017-05-10', 1, 154),
(8, '2017-12-10', 2, 119),
(8, '2017-08-29', 3, 161),
(8, '2017-03-01', 4, 88),
(8, '2017-02-13', 5, 77),
(8, '2017-09-16', 6, 141),
(8, '2017-07-30', 7, 191),
(8, '2017-01-09', 8, 40),
(8, '2017-08-31', 9, 78),
(8, '2017-04-30', 10, 194),
(8, '2017-06-28', 11, 33),
(8, '2017-06-01', 12, 40),
(8, '2017-02-05', 13, 33),
(8, '2017-09-20', 14, 149),
(8, '2017-02-20', 15, 31),
(8, '2017-08-12', 16, 40),
(8, '2017-04-29', 17, 1),
(8, '2017-06-18', 18, 160),
(8, '2017-01-27', 19, 201),
(8, '2017-08-02', 20, 24),
(8, '2017-04-28', 21, 65),
(8, '2017-01-17', 22, 73),
(8, '2017-12-19', 23, 98),
(8, '2017-10-02', 24, 31),
(8, '2017-12-07', 25, 94),
(8, '2017-04-19', 26, 174),
(8, '2017-02-22', 27, 135),
(8, '2017-07-21', 28, 184),
(8, '2017-03-31', 29, 6),
(8, '2017-05-14', 30, 76),
(8, '2017-05-10', 41, 141),
(8, '2017-10-04', 42, 84),
(8, '2017-04-19', 43, 65),
(8, '2017-11-30', 45, 53),
(8, '2017-01-08', 46, 38),
(8, '2017-11-19', 47, 166),
(8, '2017-06-03', 49, 20),
(8, '2017-05-01', 50, 4),
(8, '2017-01-06', 52, 53),
(8, '2017-04-19', 53, 73),
(8, '2017-08-02', 54, 77),
(8, '2017-04-17', 55, 78),
(8, '2017-11-21', 61, 55),
(8, '2017-05-24', 62, 44),
(8, '2017-12-09', 63, 115),
(8, '2017-05-18', 64, 75),
(8, '2017-09-17', 65, 191),
(8, '2017-04-22', 71, 72),
(8, '2017-05-29', 72, 141),
(8, '2017-07-23', 77, 77),
(8, '2017-12-05', 78, 53),
(8, '2017-05-14', 82, 180),
(8, '2017-09-02', 83, 5),
(8, '2017-12-24', 84, 117),
(8, '2017-06-22', 85, 176),
(8, '2017-05-31', 91, 32),
(8, '2017-09-10', 92, 93),
(8, '2017-01-15', 93, 44),
(8, '2017-05-31', 94, 82),
(8, '2017-11-04', 95, 145),
(8, '2017-12-15', 96, 65),
(8, '2017-12-28', 99, 153),
(8, '2017-02-06', 102, 147),
(8, '2017-03-05', 104, 103),
(8, '2017-02-23', 112, 112),
(8, '2017-09-13', 113, 146),
(8, '2017-06-28', 115, 90),
(8, '2017-07-30', 116, 111),
(8, '2017-06-02', 124, 132),
(8, '2017-01-15', 126, 84),
(8, '2017-01-01', 127, 65),
(8, '2017-12-20', 143, 23),
(9, '2017-08-17', 1, 96),
(9, '2017-06-12', 2, 130),
(9, '2017-02-17', 3, 160),
(9, '2017-10-20', 4, 5),
(9, '2017-09-29', 5, 85),
(9, '2017-07-09', 6, 40),
(9, '2017-07-25', 7, 51),
(9, '2017-08-25', 8, 141),
(9, '2017-05-24', 9, 89),
(9, '2017-08-11', 10, 96),
(9, '2017-05-16', 11, 147),
(9, '2017-04-25', 12, 198),
(9, '2017-05-21', 13, 201),
(9, '2017-07-13', 14, 104),
(9, '2017-01-22', 15, 17),
(9, '2017-10-31', 16, 3),
(9, '2017-01-13', 17, 56),
(9, '2017-12-21', 18, 178),
(9, '2017-04-25', 19, 40),
(9, '2017-11-22', 20, 24),
(9, '2017-06-06', 21, 24),
(9, '2017-12-08', 22, 74),
(9, '2017-02-06', 23, 95),
(9, '2017-01-12', 24, 140),
(9, '2017-02-01', 25, 85),
(9, '2017-11-02', 26, 185),
(9, '2017-02-16', 27, 175),
(9, '2017-05-19', 28, 83),
(9, '2017-06-26', 29, 78),
(9, '2017-08-08', 30, 102),
(9, '2017-08-20', 41, 141),
(9, '2017-12-23', 42, 84),
(9, '2017-08-09', 43, 65),
(9, '2017-07-29', 45, 53),
(9, '2017-08-15', 46, 147),
(9, '2017-11-07', 47, 170),
(9, '2017-01-14', 49, 197),
(9, '2017-04-24', 50, 40),
(9, '2017-09-21', 52, 24),
(9, '2017-02-19', 53, 185),
(9, '2017-03-11', 54, 89),
(9, '2017-12-13', 55, 94),
(9, '2017-02-03', 61, 83),
(9, '2017-10-26', 62, 136),
(9, '2017-03-16', 63, 110),
(9, '2017-07-21', 64, 90),
(9, '2017-02-10', 65, 200),
(9, '2017-12-29', 71, 96),
(9, '2017-01-18', 72, 141),
(9, '2017-02-02', 77, 94),
(9, '2017-05-23', 78, 65),
(9, '2017-09-11', 82, 185),
(9, '2017-12-17', 83, 89),
(9, '2017-03-11', 84, 126),
(9, '2017-02-23', 85, 153),
(9, '2017-08-20', 91, 20),
(9, '2017-02-07', 92, 105),
(9, '2017-06-09', 93, 157),
(9, '2017-10-21', 94, 183),
(9, '2017-07-13', 95, 185),
(9, '2017-10-29', 96, 65),
(9, '2017-10-14', 99, 8),
(9, '2017-09-25', 102, 34),
(9, '2017-12-26', 104, 99),
(9, '2017-02-11', 112, 118),
(9, '2017-07-12', 113, 91),
(9, '2017-02-18', 115, 104),
(9, '2017-03-02', 116, 126),
(9, '2017-07-26', 124, 113),
(9, '2017-12-31', 126, 174),
(9, '2017-06-03', 127, 65),
(9, '2017-02-05', 143, 25),
(10, '2017-02-26', 1, 11),
(10, '2017-01-20', 2, 120),
(10, '2017-12-17', 3, 177),
(10, '2017-02-10', 4, 78),
(10, '2017-12-19', 5, 88),
(10, '2017-11-22', 6, 144),
(10, '2017-01-10', 7, 51),
(10, '2017-02-06', 8, 34),
(10, '2017-02-06', 9, 94),
(10, '2017-11-03', 10, 56),
(10, '2017-03-13', 11, 198),
(10, '2017-10-01', 12, 92),
(10, '2017-04-11', 13, 201),
(10, '2017-01-09', 14, 150),
(10, '2017-02-10', 15, 198),
(10, '2017-03-14', 16, 92),
(10, '2017-06-28', 17, 186),
(10, '2017-03-02', 18, 179),
(10, '2017-06-12', 19, 31),
(10, '2017-08-14', 20, 53),
(10, '2017-04-10', 21, 65),
(10, '2017-02-11', 22, 142),
(10, '2017-05-22', 23, 95),
(10, '2017-12-06', 24, 58),
(10, '2017-02-03', 25, 16),
(10, '2017-02-05', 26, 84),
(10, '2017-01-19', 27, 159),
(10, '2017-01-07', 28, 43),
(10, '2017-02-28', 29, 77),
(10, '2017-07-05', 30, 86),
(10, '2017-07-23', 41, 33),
(10, '2017-02-22', 42, 180),
(10, '2017-04-03', 43, 65),
(10, '2017-06-24', 45, 65),
(10, '2017-01-27', 46, 3),
(10, '2017-03-25', 47, 179),
(10, '2017-08-30', 49, 153),
(10, '2017-05-27', 50, 141),
(10, '2017-04-20', 52, 24),
(10, '2017-02-02', 53, 87),
(10, '2017-08-30', 54, 5),
(10, '2017-08-15', 55, 6),
(10, '2017-05-25', 61, 96),
(10, '2017-06-09', 62, 134),
(10, '2017-07-08', 63, 131),
(10, '2017-01-10', 64, 90),
(10, '2017-09-10', 65, 197),
(10, '2017-03-06', 71, 146),
(10, '2017-02-21', 72, 4),
(10, '2017-06-10', 77, 16),
(10, '2017-03-01', 78, 53),
(10, '2017-08-02', 82, 174),
(10, '2017-12-11', 83, 89),
(10, '2017-01-25', 84, 121),
(10, '2017-09-08', 85, 51),
(10, '2017-02-06', 91, 32),
(10, '2017-04-22', 92, 99),
(10, '2017-12-09', 93, 169),
(10, '2017-08-11', 94, 188),
(10, '2017-06-16', 95, 174),
(10, '2017-08-21', 96, 24),
(10, '2017-12-07', 99, 200),
(10, '2017-01-08', 102, 15),
(10, '2017-05-22', 104, 75),
(10, '2017-07-22', 112, 127),
(10, '2017-03-20', 113, 202),
(10, '2017-06-11', 115, 101),
(10, '2017-04-13', 116, 113),
(10, '2017-07-13', 124, 117),
(10, '2017-11-25', 126, 87),
(10, '2017-07-14', 127, 65),
(10, '2017-12-20', 143, 159),
(11, '2017-07-27', 1, 27),
(11, '2017-02-05', 2, 125),
(11, '2017-09-01', 3, 163),
(11, '2017-08-15', 4, 6),
(11, '2017-10-10', 5, 94),
(11, '2017-03-19', 6, 15),
(11, '2017-06-19', 7, 32),
(11, '2017-04-17', 8, 140),
(11, '2017-03-08', 9, 94),
(11, '2017-04-29', 10, 7),
(11, '2017-12-09', 11, 147),
(11, '2017-02-08', 12, 38),
(11, '2017-08-08', 13, 147),
(11, '2017-01-16', 14, 75),
(11, '2017-01-13', 15, 140),
(11, '2017-01-08', 16, 58),
(11, '2017-04-14', 17, 184),
(11, '2017-12-06', 18, 157),
(11, '2017-12-23', 19, 3),
(11, '2017-07-04', 20, 53),
(11, '2017-04-04', 21, 65),
(11, '2017-07-23', 22, 174),
(11, '2017-07-17', 23, 79),
(11, '2017-07-14', 24, 17),
(11, '2017-08-23', 25, 77),
(11, '2017-02-03', 26, 145),
(11, '2017-01-17', 27, 168),
(11, '2017-07-04', 28, 186),
(11, '2017-11-28', 29, 85),
(11, '2017-01-02', 30, 86),
(11, '2017-08-17', 41, 17),
(11, '2017-10-30', 42, 87),
(11, '2017-12-05', 43, 53),
(11, '2017-03-30', 45, 53),
(11, '2017-10-02', 46, 147),
(11, '2017-03-17', 47, 166),
(11, '2017-03-08', 49, 51),
(11, '2017-05-22', 50, 34),
(11, '2017-03-24', 52, 65),
(11, '2017-05-19', 53, 73),
(11, '2017-06-18', 54, 89),
(11, '2017-07-09', 55, 94),
(11, '2017-03-20', 61, 192),
(11, '2017-03-12', 62, 137),
(11, '2017-03-04', 63, 116),
(11, '2017-02-03', 64, 90),
(11, '2017-02-16', 65, 20),
(11, '2017-06-12', 71, 203),
(11, '2017-10-08', 72, 15),
(11, '2017-06-05', 77, 94),
(11, '2017-06-04', 78, 65),
(11, '2017-02-20', 82, 181),
(11, '2017-02-17', 83, 5),
(11, '2017-08-04', 84, 125),
(11, '2017-07-15', 85, 191),
(11, '2017-05-05', 91, 51),
(11, '2017-10-06', 92, 80),
(11, '2017-03-24', 93, 160),
(11, '2017-02-23', 94, 29),
(11, '2017-11-19', 95, 174),
(11, '2017-03-27', 96, 24),
(11, '2017-12-31', 99, 20),
(11, '2017-08-08', 102, 60),
(11, '2017-07-12', 104, 102),
(11, '2017-03-24', 112, 114),
(11, '2017-08-12', 113, 199),
(11, '2017-10-30', 115, 98),
(11, '2017-03-11', 116, 148),
(11, '2017-03-20', 124, 132),
(11, '2017-01-30', 126, 74),
(11, '2017-01-26', 127, 24),
(11, '2017-04-24', 143, 25),
(12, '2018-01-03', 1, 154),
(12, '2018-01-03', 2, 119),
(12, '2018-06-22', 3, 159),
(12, '2018-01-30', 4, 5),
(12, '2018-03-16', 5, 5),
(12, '2018-02-02', 6, 4),
(12, '2018-01-09', 7, 200),
(12, '2018-01-16', 8, 38),
(12, '2018-01-24', 9, 6),
(12, '2018-01-23', 10, 186),
(12, '2018-07-28', 11, 4),
(12, '2018-01-21', 12, 140),
(12, '2018-01-08', 13, 40),
(12, '2018-06-15', 14, 105),
(12, '2018-01-25', 15, 147),
(12, '2018-03-23', 16, 34),
(12, '2018-03-15', 17, 72),
(12, '2018-02-02', 18, 162),
(12, '2018-02-22', 19, 144),
(12, '2018-01-21', 20, 65),
(12, '2018-01-01', 21, 53),
(12, '2018-02-20', 22, 73),
(12, '2018-04-22', 23, 86),
(12, '2018-01-25', 24, 201),
(12, '2018-08-21', 25, 77),
(12, '2018-07-04', 26, 74),
(12, '2018-01-06', 27, 164),
(12, '2018-01-13', 28, 184),
(12, '2018-01-03', 29, 85),
(12, '2018-01-28', 30, 98),
(12, '2018-01-17', 41, 3),
(12, '2018-07-10', 42, 185),
(12, '2018-03-21', 43, 24),
(12, '2018-02-11', 45, 24),
(12, '2018-06-25', 46, 15),
(12, '2018-01-29', 47, 138),
(12, '2018-01-19', 49, 200),
(12, '2018-01-15', 50, 141),
(12, '2018-01-15', 52, 53),
(12, '2018-05-22', 53, 180),
(12, '2018-07-12', 54, 78),
(12, '2018-01-23', 55, 77),
(12, '2018-01-22', 61, 50),
(12, '2018-02-17', 62, 164),
(12, '2018-01-04', 63, 133),
(12, '2018-01-05', 64, 107),
(12, '2018-02-27', 65, 32),
(12, '2018-02-07', 71, 13),
(12, '2018-02-13', 72, 60),
(12, '2018-01-21', 77, 5),
(12, '2018-01-16', 78, 24),
(12, '2018-06-06', 82, 74),
(12, '2018-01-22', 83, 94),
(12, '2018-01-29', 84, 120),
(12, '2018-01-02', 85, 20),
(12, '2018-01-29', 91, 8),
(12, '2018-04-25', 92, 103),
(12, '2018-06-27', 93, 159),
(12, '2018-05-18', 94, 52),
(12, '2018-01-24', 95, 74),
(12, '2018-01-21', 96, 65),
(12, '2018-01-17', 99, 153),
(12, '2018-01-26', 102, 3),
(12, '2018-01-04', 104, 97),
(12, '2018-02-18', 112, 108),
(12, '2018-01-09', 113, 72),
(12, '2018-01-03', 115, 76),
(12, '2018-03-19', 116, 129),
(12, '2018-05-09', 124, 122),
(12, '2018-06-14', 126, 84),
(12, '2018-01-29', 127, 65),
(12, '2018-01-05', 143, 171),
(13, '2018-01-01', 1, 96),
(13, '2018-01-25', 2, 114),
(13, '2018-01-13', 3, 179),
(13, '2018-01-10', 4, 89),
(13, '2018-07-25', 5, 88),
(13, '2018-01-02', 6, 141),
(13, '2018-01-20', 7, 8),
(13, '2018-01-05', 8, 92),
(13, '2018-08-14', 9, 85),
(13, '2018-04-13', 10, 14),
(13, '2018-01-24', 11, 42),
(13, '2018-01-10', 12, 201),
(13, '2018-01-21', 13, 147),
(13, '2018-02-23', 14, 105),
(13, '2018-01-19', 15, 144),
(13, '2018-07-09', 16, 15),
(13, '2018-01-09', 17, 21),
(13, '2018-01-04', 18, 159),
(13, '2018-02-01', 19, 201),
(13, '2018-01-12', 20, 65),
(13, '2018-01-11', 21, 65),
(13, '2018-01-04', 22, 142),
(13, '2018-04-14', 23, 100),
(13, '2018-01-21', 24, 17),
(13, '2018-01-16', 25, 78),
(13, '2018-08-02', 26, 185),
(13, '2018-01-02', 27, 179),
(13, '2018-01-30', 28, 96),
(13, '2018-01-02', 29, 89),
(13, '2018-04-18', 30, 79),
(13, '2018-01-16', 41, 3),
(13, '2018-03-05', 42, 73),
(13, '2018-01-23', 43, 65),
(13, '2018-01-24', 45, 53),
(13, '2018-01-16', 46, 33),
(13, '2018-06-11', 47, 179),
(13, '2018-01-25', 49, 32),
(13, '2018-07-14', 50, 92),
(13, '2018-01-12', 52, 53),
(13, '2018-01-14', 53, 84),
(13, '2018-01-09', 54, 88),
(13, '2018-01-03', 55, 6),
(13, '2018-04-10', 61, 43),
(13, '2018-01-11', 62, 179),
(13, '2018-01-01', 63, 117),
(13, '2018-01-20', 64, 86),
(13, '2018-01-13', 65, 176),
(13, '2018-01-03', 71, 199),
(13, '2018-03-05', 72, 34),
(13, '2018-01-06', 77, 77),
(13, '2018-04-11', 78, 53),
(13, '2018-06-11', 82, 73),
(13, '2018-01-19', 83, 16),
(13, '2018-01-05', 84, 117),
(13, '2018-02-21', 85, 200),
(13, '2018-01-06', 91, 32),
(13, '2018-01-04', 92, 105),
(13, '2018-06-18', 93, 165),
(13, '2018-01-21', 94, 186),
(13, '2018-01-20', 95, 180),
(13, '2018-01-16', 96, 65),
(13, '2018-02-24', 99, 20),
(13, '2018-01-18', 102, 58),
(13, '2018-05-23', 104, 95),
(13, '2018-02-24', 112, 123),
(13, '2018-08-28', 113, 81),
(13, '2018-04-26', 115, 80),
(13, '2018-08-27', 116, 125),
(13, '2018-01-30', 124, 108),
(13, '2018-07-06', 126, 185),
(13, '2018-03-23', 127, 24),
(13, '2018-01-24', 143, 178),
(14, '2018-01-18', 1, 199),
(14, '2018-01-12', 2, 109),
(14, '2018-01-01', 3, 166),
(14, '2018-01-10', 4, 77),
(14, '2018-08-14', 5, 88),
(14, '2018-01-23', 6, 40),
(14, '2018-01-06', 7, 8),
(14, '2018-05-28', 8, 15),
(14, '2018-08-09', 9, 89),
(14, '2018-01-17', 10, 182),
(14, '2018-09-01', 11, 147),
(14, '2018-04-10', 12, 34),
(14, '2018-01-01', 13, 60),
(14, '2018-01-16', 14, 79),
(14, '2018-02-01', 15, 141),
(14, '2018-08-25', 16, 40),
(14, '2018-05-06', 17, 55),
(14, '2018-01-09', 18, 23),
(14, '2018-01-17', 19, 198),
(14, '2018-07-21', 20, 65),
(14, '2018-01-28', 21, 53),
(14, '2018-02-14', 22, 87),
(14, '2018-03-10', 23, 79),
(14, '2018-01-02', 24, 141),
(14, '2018-01-11', 25, 94),
(14, '2018-01-01', 26, 54),
(14, '2018-01-17', 27, 138),
(14, '2018-01-18', 28, 82),
(14, '2018-01-08', 29, 94),
(14, '2018-05-29', 30, 75),
(14, '2018-06-24', 41, 33),
(14, '2018-01-03', 42, 142),
(14, '2018-05-20', 43, 53),
(14, '2018-01-14', 45, 53),
(14, '2018-01-29', 46, 33),
(14, '2018-01-04', 47, 165),
(14, '2018-01-08', 49, 20),
(14, '2018-01-09', 50, 42),
(14, '2018-03-10', 52, 53),
(14, '2018-01-19', 53, 181),
(14, '2018-01-26', 54, 77),
(14, '2018-01-14', 55, 85),
(14, '2018-01-17', 61, 199),
(14, '2018-01-27', 62, 169),
(14, '2018-05-28', 63, 117),
(14, '2018-01-18', 64, 93),
(14, '2018-01-29', 65, 8),
(14, '2018-01-13', 71, 28),
(14, '2018-01-19', 72, 15),
(14, '2018-02-28', 77, 94),
(14, '2018-01-28', 78, 24),
(14, '2018-01-06', 82, 181),
(14, '2018-05-18', 83, 78),
(14, '2018-01-02', 84, 126),
(14, '2018-01-28', 85, 153),
(14, '2018-01-03', 91, 20),
(14, '2018-01-16', 92, 90),
(14, '2018-01-18', 93, 25),
(14, '2018-07-20', 94, 21),
(14, '2018-01-17', 95, 54),
(14, '2018-01-04', 96, 53),
(14, '2018-01-30', 99, 20),
(14, '2018-01-26', 102, 3),
(14, '2018-06-05', 104, 79),
(14, '2018-03-11', 112, 111),
(14, '2018-01-10', 113, 196),
(14, '2018-01-11', 115, 95),
(14, '2018-01-08', 116, 120),
(14, '2018-01-16', 124, 120),
(14, '2018-01-26', 126, 174),
(14, '2018-05-20', 127, 53),
(14, '2018-03-09', 143, 166),
(15, '2018-05-10', 1, 143),
(15, '2018-01-05', 2, 122),
(15, '2018-01-21', 3, 160),
(15, '2018-01-07', 4, 77),
(15, '2018-01-21', 5, 94),
(15, '2018-06-22', 6, 147),
(15, '2018-04-26', 7, 20),
(15, '2018-08-20', 8, 60),
(15, '2018-01-13', 9, 6),
(15, '2018-08-03', 10, 194),
(15, '2018-01-27', 11, 60),
(15, '2018-01-10', 12, 147),
(15, '2018-01-04', 13, 33),
(15, '2018-09-01', 14, 149),
(15, '2018-08-04', 15, 140),
(15, '2018-01-19', 16, 4),
(15, '2018-01-07', 17, 193),
(15, '2018-01-02', 18, 170),
(15, '2018-01-12', 19, 40),
(15, '2018-05-17', 20, 24),
(15, '2018-06-28', 21, 65),
(15, '2018-01-01', 22, 54),
(15, '2018-01-28', 23, 173),
(15, '2018-01-29', 24, 17),
(15, '2018-07-22', 25, 89),
(15, '2018-01-07', 26, 54),
(15, '2018-01-30', 27, 136),
(15, '2018-07-02', 28, 192),
(15, '2018-01-12', 29, 78),
(15, '2018-01-26', 30, 90),
(15, '2018-02-17', 41, 201),
(15, '2018-01-11', 42, 142),
(15, '2018-04-27', 43, 53),
(15, '2018-01-28', 45, 53),
(15, '2018-01-19', 46, 58),
(15, '2018-02-02', 47, 175),
(15, '2018-05-06', 49, 32),
(15, '2018-01-13', 50, 40),
(15, '2018-01-20', 52, 65),
(15, '2018-02-26', 53, 185),
(15, '2018-01-24', 54, 6),
(15, '2018-09-05', 55, 16),
(15, '2018-02-13', 61, 193),
(15, '2018-01-22', 62, 170),
(15, '2018-01-27', 63, 110),
(15, '2018-02-21', 64, 104),
(15, '2018-01-19', 65, 191),
(15, '2018-07-10', 71, 96),
(15, '2018-01-18', 72, 147),
(15, '2018-01-19', 77, 88),
(15, '2018-01-28', 78, 53),
(15, '2018-01-09', 82, 74),
(15, '2018-01-20', 83, 88),
(15, '2018-07-17', 84, 111),
(15, '2018-03-11', 85, 153),
(15, '2018-03-03', 91, 51),
(15, '2018-01-16', 92, 102),
(15, '2018-01-16', 93, 163),
(15, '2018-01-29', 94, 192),
(15, '2018-01-11', 95, 54),
(15, '2018-01-05', 96, 65),
(15, '2018-01-24', 99, 32),
(15, '2018-03-09', 102, 144),
(15, '2018-01-18', 104, 102),
(15, '2018-01-26', 112, 112),
(15, '2018-01-06', 113, 196),
(15, '2018-04-04', 115, 86),
(15, '2018-01-20', 116, 117),
(15, '2018-01-01', 124, 120),
(15, '2018-01-23', 126, 185),
(15, '2018-01-25', 127, 53),
(15, '2018-01-22', 143, 171),
(16, '2018-08-18', 1, 81),
(16, '2018-05-23', 2, 132),
(16, '2018-01-28', 3, 165),
(16, '2018-01-28', 4, 78),
(16, '2018-07-27', 5, 94),
(16, '2018-01-30', 6, 140),
(16, '2018-03-14', 7, 20),
(16, '2018-05-16', 8, 31),
(16, '2018-01-03', 9, 89),
(16, '2018-02-04', 10, 13),
(16, '2018-06-17', 11, 40),
(16, '2018-01-11', 12, 41),
(16, '2018-01-24', 13, 92),
(16, '2018-01-09', 14, 105),
(16, '2018-01-13', 15, 33),
(16, '2018-01-20', 16, 201),
(16, '2018-03-15', 17, 28),
(16, '2018-01-10', 18, 159),
(16, '2018-01-07', 19, 141),
(16, '2018-07-14', 20, 53),
(16, '2018-01-09', 21, 53),
(16, '2018-01-15', 22, 174),
(16, '2018-01-27', 23, 76),
(16, '2018-01-30', 24, 15),
(16, '2018-03-29', 25, 89),
(16, '2018-01-04', 26, 180),
(16, '2018-01-15', 27, 134),
(16, '2018-01-22', 28, 193),
(16, '2018-04-01', 29, 5),
(16, '2018-01-10', 30, 76),
(16, '2018-01-20', 41, 40),
(16, '2018-01-12', 42, 84),
(16, '2018-06-14', 43, 65),
(16, '2018-01-10', 45, 53),
(16, '2018-01-19', 46, 140),
(16, '2018-01-15', 47, 168),
(16, '2018-01-25', 49, 8),
(16, '2018-01-10', 50, 147),
(16, '2018-01-14', 52, 53),
(16, '2018-01-20', 53, 84),
(16, '2018-01-31', 54, 5),
(16, '2018-06-27', 55, 89),
(16, '2018-01-25', 61, 43),
(16, '2018-04-19', 62, 178),
(16, '2018-01-08', 63, 125),
(16, '2018-01-22', 64, 100),
(16, '2018-02-18', 65, 8),
(16, '2018-08-01', 71, 194),
(16, '2018-01-23', 72, 141),
(16, '2018-01-24', 77, 6),
(16, '2018-01-26', 78, 53),
(16, '2018-01-29', 82, 174),
(16, '2018-02-13', 83, 16),
(16, '2018-03-25', 84, 130),
(16, '2018-04-11', 85, 197),
(16, '2018-01-21', 91, 51),
(16, '2018-05-17', 92, 99),
(16, '2018-05-11', 93, 168),
(16, '2018-01-27', 94, 146),
(16, '2018-01-14', 95, 73),
(16, '2018-04-25', 96, 65),
(16, '2018-01-17', 99, 32),
(16, '2018-01-11', 102, 198),
(16, '2018-01-27', 104, 90),
(16, '2018-01-09', 112, 152),
(16, '2018-03-17', 113, 14),
(16, '2018-01-30', 115, 97),
(16, '2018-03-26', 116, 114),
(16, '2018-01-13', 124, 118),
(16, '2018-01-23', 126, 174),
(16, '2018-01-05', 127, 24),
(16, '2018-01-17', 143, 138),
(17, '2018-01-01', 1, 187),
(17, '2018-01-08', 2, 111),
(17, '2018-01-03', 3, 175),
(17, '2018-01-29', 4, 77),
(17, '2018-06-13', 5, 78),
(17, '2018-01-20', 6, 40),
(17, '2018-02-25', 7, 176),
(17, '2018-02-13', 8, 42),
(17, '2018-01-18', 9, 78),
(17, '2018-07-27', 10, 96),
(17, '2018-01-25', 11, 33),
(17, '2018-01-05', 12, 40),
(17, '2018-01-02', 13, 38),
(17, '2018-01-04', 14, 100),
(17, '2018-01-09', 15, 4),
(17, '2018-09-12', 16, 92),
(17, '2018-03-19', 17, 83),
(17, '2018-01-11', 18, 175),
(17, '2018-01-30', 19, 92),
(17, '2018-01-23', 20, 53),
(17, '2018-02-23', 21, 65),
(17, '2018-02-17', 22, 54),
(17, '2018-01-18', 23, 90),
(17, '2018-02-26', 24, 201),
(17, '2018-01-14', 25, 85),
(17, '2018-01-04', 26, 180),
(17, '2018-01-08', 27, 23),
(17, '2018-01-11', 28, 13),
(17, '2018-07-22', 29, 94),
(17, '2018-01-13', 30, 103),
(17, '2018-07-14', 41, 3),
(17, '2018-02-02', 42, 174),
(17, '2018-01-04', 43, 65),
(17, '2018-01-22', 45, 65),
(17, '2018-01-10', 46, 140),
(17, '2018-02-28', 47, 169),
(17, '2018-03-03', 49, 8),
(17, '2018-01-09', 50, 140),
(17, '2018-01-16', 52, 65),
(17, '2018-01-05', 53, 84),
(17, '2018-01-05', 54, 16),
(17, '2018-01-02', 55, 16),
(17, '2018-01-28', 61, 14),
(17, '2018-09-12', 62, 44),
(17, '2018-01-13', 63, 128),
(17, '2018-03-03', 64, 76),
(17, '2018-01-26', 65, 20),
(17, '2018-02-03', 71, 194),
(17, '2018-01-24', 72, 4),
(17, '2018-05-08', 77, 6),
(17, '2018-02-22', 78, 65),
(17, '2018-01-20', 82, 61),
(17, '2018-01-01', 83, 85),
(17, '2018-01-21', 84, 127),
(17, '2018-04-20', 85, 191),
(17, '2018-01-24', 91, 20),
(17, '2018-01-23', 92, 97),
(17, '2018-01-15', 93, 168),
(17, '2018-01-28', 94, 1),
(17, '2018-01-07', 95, 71),
(17, '2018-01-30', 96, 53),
(17, '2018-01-26', 99, 197),
(17, '2018-01-24', 102, 34),
(17, '2018-01-22', 104, 95),
(17, '2018-07-30', 112, 115),
(17, '2018-01-25', 113, 196),
(17, '2018-01-17', 115, 99),
(17, '2018-01-26', 116, 116),
(17, '2018-01-04', 124, 110),
(17, '2018-05-18', 126, 181),
(17, '2018-02-03', 127, 65),
(17, '2018-01-10', 143, 157),
(18, '2018-01-13', 1, 205),
(18, '2018-08-01', 2, 114),
(18, '2018-01-23', 3, 164),
(18, '2018-01-24', 4, 77),
(18, '2018-03-05', 5, 89),
(18, '2018-01-20', 6, 40),
(18, '2018-07-05', 7, 20),
(18, '2018-01-05', 8, 38),
(18, '2018-01-30', 9, 78),
(18, '2018-01-20', 10, 188),
(18, '2018-01-12', 11, 3),
(18, '2018-01-13', 12, 140),
(18, '2018-01-13', 13, 201),
(18, '2018-01-09', 14, 99),
(18, '2018-01-14', 15, 60),
(18, '2018-01-26', 16, 42),
(18, '2018-01-10', 17, 189),
(18, '2018-01-16', 18, 175),
(18, '2018-03-03', 19, 60),
(18, '2018-01-14', 20, 24),
(18, '2018-05-06', 21, 24),
(18, '2018-05-29', 22, 87),
(18, '2018-01-12', 23, 98),
(18, '2018-01-25', 24, 33),
(18, '2018-01-27', 25, 88),
(18, '2018-01-30', 26, 180),
(18, '2018-01-13', 27, 135),
(18, '2018-02-15', 28, 56),
(18, '2018-01-19', 29, 89),
(18, '2018-07-31', 30, 90),
(18, '2018-07-04', 41, 147),
(18, '2018-01-05', 42, 174),
(18, '2018-02-19', 43, 24),
(18, '2018-01-07', 45, 65),
(18, '2018-01-23', 46, 33),
(18, '2018-01-30', 47, 177),
(18, '2018-06-01', 49, 32),
(18, '2018-04-04', 50, 3),
(18, '2018-08-14', 52, 24),
(18, '2018-01-08', 53, 142),
(18, '2018-08-01', 54, 77),
(18, '2018-01-14', 55, 85),
(18, '2018-03-21', 61, 194),
(18, '2018-01-02', 62, 164),
(18, '2018-01-05', 63, 117),
(18, '2018-03-29', 64, 99),
(18, '2018-01-14', 65, 32),
(18, '2018-01-27', 71, 190),
(18, '2018-01-17', 72, 40),
(18, '2018-01-04', 77, 89),
(18, '2018-01-02', 78, 53),
(18, '2018-02-02', 82, 180),
(18, '2018-01-13', 83, 89),
(18, '2018-01-14', 84, 121),
(18, '2018-01-20', 85, 176),
(18, '2018-01-05', 91, 191),
(18, '2018-01-02', 92, 97),
(18, '2018-08-07', 93, 170),
(18, '2018-05-20', 94, 10),
(18, '2018-01-13', 95, 181),
(18, '2018-07-11', 96, 65),
(18, '2018-01-10', 99, 20),
(18, '2018-01-03', 102, 41),
(18, '2018-01-05', 104, 101),
(18, '2018-01-14', 112, 115),
(18, '2018-01-29', 113, 202),
(18, '2018-01-18', 115, 150),
(18, '2018-01-21', 116, 148),
(18, '2018-01-15', 124, 130),
(18, '2018-01-06', 126, 185),
(18, '2018-01-11', 127, 53),
(18, '2018-04-28', 143, 169),
(19, '2018-02-18', 1, 10),
(19, '2018-03-12', 2, 152),
(19, '2018-06-04', 3, 162),
(19, '2018-01-24', 4, 89),
(19, '2018-01-04', 5, 6),
(19, '2018-01-30', 6, 15),
(19, '2018-02-23', 7, 197),
(19, '2018-01-26', 8, 140),
(19, '2018-01-05', 9, 85),
(19, '2018-01-27', 10, 190),
(19, '2018-09-06', 11, 141),
(19, '2018-01-23', 12, 42),
(19, '2018-03-11', 13, 147),
(19, '2018-01-11', 14, 76),
(19, '2018-01-13', 15, 17),
(19, '2018-01-21', 16, 38),
(19, '2018-01-19', 17, 154),
(19, '2018-01-24', 18, 162),
(19, '2018-06-19', 19, 140),
(19, '2018-07-21', 20, 53),
(19, '2018-03-24', 21, 65),
(19, '2018-02-03', 22, 174),
(19, '2018-01-12', 23, 97),
(19, '2018-01-21', 24, 15),
(19, '2018-09-15', 25, 6),
(19, '2018-01-20', 26, 174),
(19, '2018-01-05', 27, 167),
(19, '2018-01-04', 28, 193),
(19, '2018-01-17', 29, 77),
(19, '2018-01-17', 30, 102),
(19, '2018-06-15', 41, 92),
(19, '2018-01-07', 42, 180),
(19, '2018-03-01', 43, 53),
(19, '2018-03-25', 45, 24),
(19, '2018-02-17', 46, 140),
(19, '2018-01-17', 47, 155),
(19, '2018-01-27', 49, 8),
(19, '2018-05-27', 50, 41),
(19, '2018-06-11', 52, 24),
(19, '2018-01-02', 53, 74),
(19, '2018-01-27', 54, 78),
(19, '2018-01-17', 55, 85),
(19, '2018-01-24', 61, 11),
(19, '2018-01-29', 62, 134),
(19, '2018-01-05', 63, 116),
(19, '2018-01-13', 64, 97),
(19, '2018-01-07', 65, 200),
(19, '2018-06-12', 71, 182),
(19, '2018-01-15', 72, 33),
(19, '2018-05-29', 77, 94),
(19, '2018-01-08', 78, 24),
(19, '2018-01-20', 82, 61),
(19, '2018-03-18', 83, 94),
(19, '2018-01-09', 84, 148),
(19, '2018-01-20', 85, 20),
(19, '2018-01-03', 91, 197),
(19, '2018-01-31', 92, 90),
(19, '2018-01-21', 93, 177),
(19, '2018-01-25', 94, 21),
(19, '2018-05-24', 95, 174),
(19, '2018-07-18', 96, 65),
(19, '2018-02-02', 99, 153),
(19, '2018-01-20', 102, 144),
(19, '2018-01-04', 104, 75),
(19, '2018-03-31', 112, 129),
(19, '2018-01-30', 113, 186),
(19, '2018-01-09', 115, 98),
(19, '2018-01-25', 116, 115),
(19, '2018-02-26', 124, 148),
(19, '2018-02-09', 126, 87),
(19, '2018-07-02', 127, 53),
(19, '2018-05-05', 143, 136);

-- --------------------------------------------------------

--
-- Structure de la table `filliale`
--

DROP TABLE IF EXISTS `filliale`;
CREATE TABLE IF NOT EXISTS `filliale` (
  `Fil_num` int(10) NOT NULL,
  `Fil_nom` varchar(50) NOT NULL,
  `Fil_rue` varchar(60) NOT NULL,
  `Fil_code_postal` varchar(7) NOT NULL,
  `Fil_ville` varchar(50) NOT NULL,
  `Fil_chiffre_affaire` int(10) NOT NULL,
  PRIMARY KEY (`Fil_num`)
) ENGINE=InnoDB DEFAULT CHARSET=latin1;

--
-- Déchargement des données de la table `filliale`
--

INSERT INTO `filliale` (`Fil_num`, `Fil_nom`, `Fil_rue`, `Fil_code_postal`, `Fil_ville`, `Fil_chiffre_affaire`) VALUES
(1, 'agence_centre', '289 Avenue André Maginot', '37100', 'Tours', 144715365),
(2, 'agence_bretagne', 'Rue de Lorien', '35132', 'Rennes', 100940388),
(3, 'agence_occitaine', '317 Avenue des États Unis', '31200', 'Toulouse', 109506487),
(4, 'agence_aquitaine', '58 Boulevard Godard', '33000', 'Bordeaux', 126242693),
(5, 'agence_provence', '237 Avenue Francis Tonner', '06150', 'Cannes', 154607164),
(6, 'agence_est', '12 Rue Emile Mathis', '67800', 'Bischheim', 113995814),
(7, 'agence_normandie', '116 Avenue du Mont Riboudet', '76000', 'Rouen', 125511186),
(8, 'agence_ile_de_france', '73 Rue du Maréchal Foch', '78000', 'Versailles', 258539665),
(9, 'agence_bourgogne', 'Rue de Cracovie, ZAE Cap Nord', '21850', 'Saint-Apollinaire', 98658966);

-- --------------------------------------------------------

--
-- Structure de la table `ligne_commande`
--

DROP TABLE IF EXISTS `ligne_commande`;
CREATE TABLE IF NOT EXISTS `ligne_commande` (
  `Cmd_num` int(10) NOT NULL,
  `Cli_num` int(10) NOT NULL,
  `Mod_ref` varchar(50) NOT NULL,
  `couleur` varchar(50) NOT NULL,
  `quantite` smallint(10) NOT NULL,
  PRIMARY KEY (`Cmd_num`,`Cli_num`,`Mod_ref`),
  KEY `Mod_ref` (`Mod_ref`),
  KEY `Cmd_num_2` (`Cmd_num`,`Cli_num`)
) ENGINE=InnoDB DEFAULT CHARSET=latin1;

--
-- Déchargement des données de la table `ligne_commande`
--

INSERT INTO `ligne_commande` (`Cmd_num`, `Cli_num`, `Mod_ref`, `couleur`, `quantite`) VALUES
(1, 4, 'AMG GT', 'bleu', 1),
(1, 5, '595', 'gris', 14),
(1, 5, 'A3', 'blanc', 10),
(1, 6, '595', 'gris', 23),
(1, 7, 'C-ELYSEE', 'argent', 5),
(1, 9, '500', 'gris', 12),
(1, 9, '911 CARRERA COUPE', 'blanc', 2),
(1, 9, 'A8', 'bleu', 1),
(1, 10, '308 SW', 'blanc', 21),
(1, 10, 'A3', 'bleu', 22),
(1, 11, 'C4 CACTUS', 'noir', 12),
(1, 12, 'A8', 'argent', 2),
(1, 14, '308 SW', 'blanc', 11),
(1, 14, 'C4 CACTUS', 'blanc', 5),
(1, 15, '695', 'argent', 18),
(1, 15, 'AURIS', 'gris', 9),
(1, 15, 'C4 CACTUS', 'gris', 23),
(1, 16, '488 SPIDER', 'noir', 2),
(1, 17, '2008', 'gris', 10),
(1, 18, 'AURIS', 'argent', 6),
(1, 20, 'AURIS', 'bleu', 20),
(1, 24, 'ALHAMBRA', 'bleu', 22),
(1, 25, '4C SPIDER', 'argent', 1),
(1, 26, 'BENTAYGA', 'argent', 1),
(1, 26, 'C4 CACTUS', 'argent', 24),
(1, 27, 'AVENSIS', 'blanc', 23),
(1, 28, 'A3', 'gris', 7),
(1, 28, 'BENTAYGA', 'gris', 2),
(1, 43, 'AMG GT', 'gris', 1),
(1, 45, 'AMG GT', 'gris', 1),
(1, 46, '2008', 'noir', 15),
(1, 46, 'C4 CACTUS', 'argent', 13),
(1, 47, 'A1', 'bleu', 25),
(1, 47, 'AMG GT', 'argent', 2),
(1, 49, '718', 'gris', 1),
(1, 50, '911 CARRERA COUPE', 'gris', 2),
(1, 50, 'AMG GT', 'argent', 2),
(1, 52, '308 SW', 'gris', 13),
(1, 55, '4C SPIDER', 'blanc', 2),
(1, 63, '124 SPIDER', 'blanc', 6),
(1, 63, 'ARTEON', 'argent', 15),
(1, 65, '911 CARRERA COUPE', 'gris', 1),
(1, 71, '911 CARRERA COUPE', 'argent', 1),
(1, 72, '488 SPIDER', 'noir', 2),
(1, 78, '500', 'argent', 14),
(1, 83, '2008', 'bleu', 21),
(1, 83, 'AVENSIS', 'noir', 10),
(1, 84, '595', 'argent', 11),
(1, 84, '718', 'gris', 2),
(1, 84, 'A8', 'argent', 1),
(1, 84, 'BENTAYGA', 'noir', 2),
(1, 85, 'ASTRA', 'noir', 10),
(1, 85, 'BRZ', 'noir', 11),
(1, 91, 'A4 ALLROAD', 'argent', 8),
(1, 92, 'C-ELYSEE', 'noir', 16),
(1, 93, '2008', 'bleu', 14),
(1, 94, '695 BIPOSTO', 'noir', 18),
(1, 95, 'C4 CACTUS', 'gris', 16),
(1, 99, 'C3', 'noir', 19),
(1, 104, 'BENTAYGA', 'bleu', 2),
(1, 112, 'ARTEON', 'noir', 23),
(1, 113, '911 CARRERA COUPE', 'noir', 2),
(1, 116, '718', 'gris', 1),
(1, 116, 'BENTAYGA', 'bleu', 2),
(1, 124, 'CALIFORNIA', 'argent', 11),
(1, 126, '308 SW', 'bleu', 5),
(1, 127, 'AMG GT', 'bleu', 1),
(1, 143, 'AYGO', 'blanc', 18),
(2, 2, '124 SPIDER', 'blanc', 16),
(2, 3, 'A1', 'bleu', 17),
(2, 4, 'A4 ALLROAD', 'bleu', 6),
(2, 5, '4C SPIDER', 'blanc', 1),
(2, 6, '4C SPIDER', 'argent', 1),
(2, 6, 'A3', 'noir', 11),
(2, 7, '2008', 'bleu', 14),
(2, 8, '308 SW', 'noir', 20),
(2, 8, '718', 'gris', 2),
(2, 10, '695', 'noir', 22),
(2, 10, 'AVENSIS', 'bleu', 17),
(2, 11, 'A4 ALLROAD', 'noir', 24),
(2, 13, 'ARTEON', 'blanc', 19),
(2, 13, 'BRZ', 'gris', 12),
(2, 16, 'AURIS', 'blanc', 10),
(2, 17, '695', 'gris', 11),
(2, 19, '308 SW', 'argent', 12),
(2, 19, '718', 'blanc', 1),
(2, 20, 'ALHAMBRA', 'noir', 9),
(2, 23, '124 SPIDER', 'gris', 24),
(2, 23, 'A4 ALLROAD', 'blanc', 18),
(2, 24, 'A4 ALLROAD', 'gris', 18),
(2, 25, '488 SPIDER', 'noir', 2),
(2, 25, 'AVENTADOR S', 'gris', 2),
(2, 26, 'BRZ', 'noir', 6),
(2, 29, '911 CARRERA COUPE', 'blanc', 1),
(2, 30, '695', 'blanc', 19),
(2, 30, 'CALIFORNIA', 'gris', 23),
(2, 42, 'A1', 'noir', 23),
(2, 42, 'A8', 'bleu', 2),
(2, 43, '911 CARRERA COUPE', 'gris', 1),
(2, 45, 'AURIS', 'bleu', 8),
(2, 47, '695 BIPOSTO', 'bleu', 14),
(2, 49, '2008', 'bleu', 13),
(2, 50, '595', 'bleu', 14),
(2, 54, '911 CARRERA COUPE', 'gris', 1),
(2, 61, 'C3', 'bleu', 22),
(2, 61, 'CALIFORNIA', 'argent', 8),
(2, 63, 'ASTRA', 'blanc', 14),
(2, 63, 'CALIFORNIA', 'argent', 13),
(2, 64, '911 CARRERA COUPE', 'bleu', 1),
(2, 65, 'ALHAMBRA', 'blanc', 23),
(2, 72, '488 SPIDER', 'argent', 1),
(2, 77, '695', 'blanc', 24),
(2, 84, '4C SPIDER', 'argent', 1),
(2, 84, 'AVENSIS', 'gris', 21),
(2, 84, 'C-ELYSEE', 'bleu', 17),
(2, 85, '124 SPIDER', 'argent', 7),
(2, 91, 'AURIS', 'blanc', 23),
(2, 96, '911 CARRERA COUPE', 'noir', 2),
(2, 96, 'C3', 'bleu', 5),
(2, 99, 'ASTRA', 'bleu', 14),
(2, 99, 'BENTAYGA', 'blanc', 1),
(2, 102, 'ASTRA', 'argent', 16),
(2, 112, '2008', 'bleu', 21),
(2, 112, 'C3', 'bleu', 12),
(2, 113, 'BRZ', 'argent', 15),
(2, 116, '4C SPIDER', 'gris', 2),
(2, 126, '695 BIPOSTO', 'blanc', 18),
(2, 143, '488 SPIDER', 'noir', 2),
(3, 2, '308 SW', 'argent', 11),
(3, 2, 'ASTRA', 'noir', 12),
(3, 2, 'BRZ', 'argent', 13),
(3, 3, '695 BIPOSTO', 'argent', 20),
(3, 3, 'AYGO', 'argent', 22),
(3, 5, 'AVENTADOR S', 'argent', 1),
(3, 8, '500', 'gris', 6),
(3, 10, 'BENTAYGA', 'bleu', 2),
(3, 12, 'ASTRA', 'gris', 16),
(3, 13, 'ASTRA', 'bleu', 16),
(3, 16, 'AVENTADOR S', 'bleu', 1),
(3, 17, '2008', 'bleu', 15),
(3, 17, '695 BIPOSTO', 'blanc', 19),
(3, 18, 'AVENSIS', 'blanc', 12),
(3, 19, '4C SPIDER', 'blanc', 2),
(3, 19, 'CALIFORNIA', 'argent', 8),
(3, 20, '308 SW', 'blanc', 12),
(3, 22, '695', 'blanc', 15),
(3, 23, '695 BIPOSTO', 'bleu', 15),
(3, 24, 'ASTRA', 'noir', 19),
(3, 25, '695', 'bleu', 9),
(3, 26, 'ALHAMBRA', 'argent', 25),
(3, 28, 'AVENTADOR S', 'noir', 1),
(3, 28, 'CALIFORNIA', 'bleu', 7),
(3, 30, '4C SPIDER', 'noir', 1),
(3, 30, 'C4 CACTUS', 'blanc', 7),
(3, 43, 'A1', 'argent', 23),
(3, 43, 'BRZ', 'blanc', 12),
(3, 45, '911 CARRERA COUPE', 'argent', 1),
(3, 46, '718', 'bleu', 1),
(3, 46, 'C-ELYSEE', 'blanc', 5),
(3, 47, 'AVENSIS', 'argent', 22),
(3, 50, '308 SW', 'blanc', 15),
(3, 50, 'AYGO', 'gris', 17),
(3, 52, '695', 'noir', 16),
(3, 53, '911 CARRERA COUPE', 'noir', 2),
(3, 53, 'AURIS', 'argent', 15),
(3, 54, 'A1', 'bleu', 12),
(3, 61, 'ASTRA', 'blanc', 14),
(3, 62, '911 CARRERA COUPE', 'bleu', 2),
(3, 62, 'A8', 'bleu', 2),
(3, 64, '718', 'argent', 2),
(3, 64, 'C4 CACTUS', 'gris', 6),
(3, 65, 'CALIFORNIA', 'blanc', 16),
(3, 71, '124 SPIDER', 'noir', 25),
(3, 78, 'BENTAYGA', 'gris', 1),
(3, 78, 'CALIFORNIA', 'bleu', 24),
(3, 82, 'A8', 'gris', 1),
(3, 83, 'BENTAYGA', 'noir', 2),
(3, 84, 'ALHAMBRA', 'blanc', 13),
(3, 85, 'AURIS', 'blanc', 14),
(3, 91, '718', 'argent', 2),
(3, 94, '4C SPIDER', 'bleu', 2),
(3, 95, 'AYGO', 'argent', 22),
(3, 95, 'BENTAYGA', 'blanc', 2),
(3, 99, '500', 'bleu', 17),
(3, 102, '911 CARRERA COUPE', 'bleu', 2),
(3, 102, 'BRZ', 'noir', 19),
(3, 113, '695', 'blanc', 7),
(3, 113, 'ARTEON', 'gris', 18),
(3, 116, 'A8', 'gris', 1),
(3, 116, 'BENTAYGA', 'noir', 2),
(3, 116, 'C3', 'bleu', 19),
(3, 126, 'ASTRA', 'gris', 6),
(3, 127, 'C3', 'blanc', 25),
(4, 1, '2008', 'gris', 20),
(4, 1, 'C3', 'bleu', 12),
(4, 2, '308 SW', 'blanc', 10),
(4, 2, '488 SPIDER', 'bleu', 1),
(4, 2, 'AURIS', 'blanc', 22),
(4, 3, '2008', 'noir', 18),
(4, 3, 'ARTEON', 'gris', 24),
(4, 6, 'A3', 'blanc', 21),
(4, 7, '4C SPIDER', 'noir', 1),
(4, 9, 'A1', 'noir', 12),
(4, 11, 'A4 ALLROAD', 'argent', 9),
(4, 13, 'AURIS', 'noir', 21),
(4, 14, '595', 'noir', 20),
(4, 15, 'A8', 'blanc', 2),
(4, 15, 'CALIFORNIA', 'argent', 24),
(4, 17, 'BENTAYGA', 'bleu', 2),
(4, 17, 'C4 CACTUS', 'gris', 20),
(4, 19, 'C-ELYSEE', 'bleu', 18),
(4, 20, 'ASTRA', 'bleu', 9),
(4, 22, 'A4 ALLROAD', 'bleu', 25),
(4, 24, 'A8', 'bleu', 2),
(4, 24, 'AYGO', 'noir', 10),
(4, 24, 'C4 CACTUS', 'noir', 10),
(4, 25, '500', 'blanc', 8),
(4, 25, 'C-ELYSEE', 'gris', 20),
(4, 27, 'ASTRA', 'argent', 17),
(4, 28, '911 CARRERA COUPE', 'bleu', 1),
(4, 29, 'AURIS', 'argent', 11),
(4, 29, 'BENTAYGA', 'gris', 2),
(4, 30, 'A1', 'gris', 16),
(4, 41, 'ALHAMBRA', 'bleu', 16),
(4, 42, '2008', 'bleu', 19),
(4, 42, 'C-ELYSEE', 'gris', 22),
(4, 45, 'BENTAYGA', 'noir', 1),
(4, 47, 'AYGO', 'bleu', 9),
(4, 49, 'C-ELYSEE', 'bleu', 21),
(4, 50, '2008', 'argent', 16),
(4, 53, 'AVENSIS', 'blanc', 22),
(4, 53, 'C-ELYSEE', 'blanc', 19),
(4, 55, 'C-ELYSEE', 'noir', 9),
(4, 63, '695', 'blanc', 16),
(4, 64, 'ASTRA', 'argent', 13),
(4, 65, '4C SPIDER', 'bleu', 2),
(4, 65, 'A1', 'bleu', 11),
(4, 71, '488 SPIDER', 'blanc', 2),
(4, 71, '911 CARRERA COUPE', 'blanc', 2),
(4, 71, 'AVENSIS', 'bleu', 14),
(4, 72, '718', 'gris', 2),
(4, 72, 'A3', 'bleu', 15),
(4, 77, 'AYGO', 'blanc', 14),
(4, 77, 'C-ELYSEE', 'argent', 7),
(4, 78, 'A1', 'noir', 20),
(4, 78, 'C-ELYSEE', 'blanc', 12),
(4, 84, '718', 'gris', 1),
(4, 84, 'ASTRA', 'blanc', 7),
(4, 85, 'ARTEON', 'blanc', 6),
(4, 92, '595', 'noir', 9),
(4, 93, '124 SPIDER', 'gris', 13),
(4, 93, '718', 'gris', 1),
(4, 93, 'C4 CACTUS', 'blanc', 18),
(4, 94, 'BENTAYGA', 'argent', 1),
(4, 95, '595', 'noir', 6),
(4, 95, 'BENTAYGA', 'argent', 1),
(4, 96, '4C SPIDER', 'noir', 1),
(4, 96, 'A8', 'gris', 1),
(4, 99, 'A3', 'noir', 17),
(4, 99, 'AURIS', 'gris', 13),
(4, 104, 'C-ELYSEE', 'gris', 17),
(4, 112, 'C3', 'noir', 13),
(4, 115, 'ASTRA', 'bleu', 8),
(4, 116, 'AMG GT', 'bleu', 2),
(4, 124, 'A8', 'bleu', 2),
(5, 3, 'A3', 'bleu', 18),
(5, 5, '718', 'noir', 2),
(5, 7, 'A8', 'argent', 1),
(5, 13, 'ASTRA', 'noir', 24),
(5, 17, '695 BIPOSTO', 'gris', 15),
(5, 17, 'A3', 'gris', 24),
(5, 19, '308 SW', 'noir', 8),
(5, 21, '695 BIPOSTO', 'argent', 15),
(5, 22, 'AURIS', 'gris', 6),
(5, 25, 'AYGO', 'argent', 10),
(5, 27, 'AVENTADOR S', 'noir', 2),
(5, 28, '695 BIPOSTO', 'blanc', 19),
(5, 30, 'CALIFORNIA', 'gris', 8),
(5, 42, '695 BIPOSTO', 'gris', 9),
(5, 43, '595', 'bleu', 21),
(5, 45, 'CALIFORNIA', 'bleu', 7),
(5, 47, '911 CARRERA COUPE', 'blanc', 1),
(5, 49, 'C-ELYSEE', 'noir', 19),
(5, 53, 'ALHAMBRA', 'argent', 6),
(5, 54, '4C SPIDER', 'blanc', 2),
(5, 62, 'ALHAMBRA', 'bleu', 20),
(5, 63, 'A1', 'blanc', 23),
(5, 64, 'BENTAYGA', 'bleu', 1),
(5, 71, '488 SPIDER', 'gris', 1),
(5, 71, 'CALIFORNIA', 'bleu', 11),
(5, 85, 'A4 ALLROAD', 'bleu', 24),
(5, 92, 'A8', 'gris', 2),
(5, 93, 'AMG GT', 'argent', 1),
(5, 99, '695 BIPOSTO', 'blanc', 12),
(5, 102, 'CALIFORNIA', 'bleu', 10),
(5, 104, 'AVENSIS', 'noir', 5),
(5, 112, '595', 'argent', 8),
(5, 116, '2008', 'argent', 18),
(5, 124, 'AVENTADOR S', 'blanc', 2),
(6, 2, '695 BIPOSTO', 'blanc', 19),
(6, 4, '595', 'gris', 16),
(6, 5, 'ALHAMBRA', 'blanc', 10),
(6, 6, 'A8', 'bleu', 1),
(6, 10, '695', 'blanc', 23),
(6, 14, '488 SPIDER', 'blanc', 2),
(6, 16, '695', 'bleu', 19),
(6, 16, '911 CARRERA COUPE', 'blanc', 1),
(6, 18, '308 SW', 'gris', 20),
(6, 19, 'AURIS', 'gris', 13),
(6, 22, 'ASTRA', 'blanc', 12),
(6, 23, '500', 'argent', 14),
(6, 24, '4C SPIDER', 'gris', 2),
(6, 27, '2008', 'gris', 15),
(6, 28, '2008', 'noir', 16),
(6, 28, 'C4 CACTUS', 'noir', 9),
(6, 29, 'AURIS', 'argent', 13),
(6, 30, 'CALIFORNIA', 'blanc', 21),
(6, 41, 'ARTEON', 'blanc', 17),
(6, 45, 'A1', 'gris', 19),
(6, 47, 'A4 ALLROAD', 'argent', 14),
(6, 49, 'C4 CACTUS', 'noir', 6),
(6, 50, 'AMG GT', 'bleu', 2),
(6, 53, 'BRZ', 'gris', 6),
(6, 63, 'C3', 'noir', 16),
(6, 64, '911 CARRERA COUPE', 'blanc', 1),
(6, 72, '911 CARRERA COUPE', 'blanc', 1),
(6, 82, 'C3', 'bleu', 18),
(6, 83, 'AVENTADOR S', 'blanc', 1),
(6, 84, 'AURIS', 'noir', 13),
(6, 93, 'ARTEON', 'argent', 14),
(6, 94, 'C-ELYSEE', 'argent', 19),
(6, 113, '595', 'bleu', 11),
(6, 126, 'ALHAMBRA', 'argent', 11),
(7, 1, '911 CARRERA COUPE', 'blanc', 2),
(7, 1, 'AVENTADOR S', 'blanc', 2),
(7, 2, '911 CARRERA COUPE', 'blanc', 1),
(7, 10, 'AMG GT', 'blanc', 1),
(7, 11, '595', 'gris', 15),
(7, 11, '718', 'gris', 2),
(7, 13, '308 SW', 'noir', 14),
(7, 18, 'A1', 'noir', 13),
(7, 20, 'A3', 'bleu', 8),
(7, 20, 'ASTRA', 'gris', 7),
(7, 21, '124 SPIDER', 'noir', 9),
(7, 26, '911 CARRERA COUPE', 'argent', 2),
(7, 27, 'AVENTADOR S', 'noir', 1),
(7, 30, 'BENTAYGA', 'gris', 1),
(7, 49, 'ALHAMBRA', 'gris', 17),
(7, 49, 'AVENTADOR S', 'gris', 2),
(7, 52, 'A4 ALLROAD', 'argent', 19),
(7, 54, 'ARTEON', 'bleu', 22),
(7, 55, 'A4 ALLROAD', 'bleu', 11),
(7, 62, 'CALIFORNIA', 'gris', 7),
(7, 64, 'CALIFORNIA', 'gris', 24),
(7, 72, '2008', 'gris', 23),
(7, 78, '595', 'bleu', 24),
(7, 91, 'ARTEON', 'argent', 17),
(7, 92, 'AURIS', 'gris', 5),
(7, 94, '488 SPIDER', 'blanc', 2),
(7, 99, 'ARTEON', 'argent', 10),
(7, 102, 'C3', 'gris', 21),
(7, 112, 'CALIFORNIA', 'gris', 14),
(7, 113, '308 SW', 'noir', 11),
(7, 116, 'BRZ', 'noir', 9),
(7, 126, '595', 'noir', 5),
(7, 143, '308 SW', 'noir', 7),
(8, 2, 'A1', 'gris', 23),
(8, 3, '4C SPIDER', 'blanc', 1),
(8, 6, 'C-ELYSEE', 'argent', 11),
(8, 15, '500', 'bleu', 23),
(8, 16, '595', 'bleu', 12),
(8, 18, 'C4 CACTUS', 'argent', 11),
(8, 20, 'AMG GT', 'bleu', 2),
(8, 25, 'CALIFORNIA', 'blanc', 22),
(8, 27, 'AURIS', 'blanc', 7),
(8, 27, 'AVENSIS', 'noir', 9),
(8, 29, 'A1', 'gris', 18),
(8, 30, 'ARTEON', 'argent', 14),
(8, 42, 'CALIFORNIA', 'bleu', 17),
(8, 43, 'AYGO', 'argent', 24),
(8, 45, 'A4 ALLROAD', 'argent', 19),
(8, 47, '124 SPIDER', 'bleu', 15),
(8, 47, 'ARTEON', 'argent', 12),
(8, 49, '124 SPIDER', 'blanc', 7),
(8, 65, 'C-ELYSEE', 'argent', 9),
(8, 77, 'CALIFORNIA', 'noir', 13),
(8, 83, '718', 'argent', 2),
(8, 85, 'AYGO', 'bleu', 8),
(8, 85, 'C4 CACTUS', 'argent', 23),
(8, 91, '695 BIPOSTO', 'blanc', 17),
(8, 91, 'C-ELYSEE', 'argent', 13),
(8, 95, 'A4 ALLROAD', 'noir', 18),
(8, 96, '124 SPIDER', 'bleu', 22),
(8, 99, '4C SPIDER', 'argent', 2),
(8, 99, '595', 'gris', 16),
(8, 102, '695', 'bleu', 10),
(8, 104, 'C3', 'argent', 5),
(8, 112, 'A3', 'gris', 10),
(8, 115, '695 BIPOSTO', 'blanc', 10),
(8, 116, 'C4 CACTUS', 'gris', 18),
(8, 126, '488 SPIDER', 'bleu', 2),
(8, 127, 'AVENSIS', 'blanc', 24),
(9, 1, 'A4 ALLROAD', 'noir', 17),
(9, 2, 'A3', 'bleu', 17),
(9, 4, 'AVENTADOR S', 'blanc', 1),
(9, 5, 'ALHAMBRA', 'gris', 24),
(9, 5, 'AVENSIS', 'gris', 8),
(9, 6, 'ASTRA', 'noir', 5),
(9, 6, 'AVENSIS', 'argent', 16),
(9, 7, 'A1', 'bleu', 15),
(9, 7, 'BRZ', 'argent', 21),
(9, 7, 'C3', 'argent', 7),
(9, 8, '911 CARRERA COUPE', 'bleu', 2),
(9, 9, '695', 'bleu', 23),
(9, 10, '695', 'gris', 12),
(9, 10, 'AMG GT', 'noir', 2),
(9, 11, '308 SW', 'bleu', 25),
(9, 11, 'C4 CACTUS', 'gris', 11),
(9, 11, 'CALIFORNIA', 'noir', 20),
(9, 14, '911 CARRERA COUPE', 'blanc', 1),
(9, 14, 'A1', 'argent', 13),
(9, 14, 'AVENTADOR S', 'bleu', 2),
(9, 15, '911 CARRERA COUPE', 'bleu', 1),
(9, 15, 'A1', 'gris', 15),
(9, 16, '4C SPIDER', 'bleu', 2),
(9, 16, 'A8', 'blanc', 2),
(9, 16, 'ARTEON', 'bleu', 24),
(9, 17, '2008', 'noir', 11),
(9, 17, 'C4 CACTUS', 'argent', 7),
(9, 18, '4C SPIDER', 'bleu', 1),
(9, 18, 'AMG GT', 'gris', 2),
(9, 19, '911 CARRERA COUPE', 'gris', 2),
(9, 20, '488 SPIDER', 'blanc', 2),
(9, 20, 'A4 ALLROAD', 'gris', 5),
(9, 22, '911 CARRERA COUPE', 'argent', 1),
(9, 22, 'A4 ALLROAD', 'bleu', 24),
(9, 22, 'ASTRA', 'blanc', 17),
(9, 23, '308 SW', 'gris', 11),
(9, 23, '695 BIPOSTO', 'blanc', 16),
(9, 23, 'BENTAYGA', 'bleu', 1),
(9, 24, '911 CARRERA COUPE', 'argent', 1),
(9, 24, 'AURIS', 'noir', 7),
(9, 24, 'AVENTADOR S', 'bleu', 1),
(9, 25, '500', 'noir', 14),
(9, 25, 'AVENTADOR S', 'bleu', 2),
(9, 25, 'BRZ', 'argent', 20),
(9, 25, 'C-ELYSEE', 'noir', 24),
(9, 26, 'AMG GT', 'gris', 2),
(9, 27, '718', 'blanc', 2),
(9, 28, 'C3', 'bleu', 22),
(9, 30, 'C3', 'blanc', 24),
(9, 41, '124 SPIDER', 'blanc', 24),
(9, 41, 'A3', 'noir', 10),
(9, 42, 'CALIFORNIA', 'bleu', 13),
(9, 45, '4C SPIDER', 'bleu', 1),
(9, 46, '911 CARRERA COUPE', 'blanc', 1),
(9, 46, 'BENTAYGA', 'bleu', 1),
(9, 47, '4C SPIDER', 'gris', 1),
(9, 47, '695', 'argent', 9),
(9, 47, 'AYGO', 'gris', 16),
(9, 49, '2008', 'argent', 19),
(9, 49, 'BRZ', 'argent', 22),
(9, 50, '124 SPIDER', 'gris', 12),
(9, 52, '911 CARRERA COUPE', 'noir', 2),
(9, 52, 'AVENTADOR S', 'argent', 2),
(9, 53, 'A8', 'argent', 2),
(9, 53, 'AVENTADOR S', 'noir', 1),
(9, 53, 'CALIFORNIA', 'gris', 6),
(9, 54, '595', 'noir', 22),
(9, 54, 'BENTAYGA', 'blanc', 1),
(9, 55, '308 SW', 'argent', 23),
(9, 55, 'A3', 'bleu', 7),
(9, 55, 'AVENTADOR S', 'noir', 1),
(9, 61, '500', 'bleu', 10),
(9, 61, 'A4 ALLROAD', 'argent', 24),
(9, 62, '488 SPIDER', 'argent', 2),
(9, 62, 'C-ELYSEE', 'blanc', 19),
(9, 62, 'C3', 'argent', 6),
(9, 63, '2008', 'gris', 9),
(9, 64, 'C3', 'argent', 19),
(9, 65, 'BRZ', 'gris', 6),
(9, 65, 'C4 CACTUS', 'gris', 18),
(9, 71, 'A4 ALLROAD', 'gris', 21),
(9, 71, 'ASTRA', 'gris', 21),
(9, 71, 'C3', 'blanc', 6),
(9, 72, '500', 'bleu', 18),
(9, 72, 'C-ELYSEE', 'noir', 12),
(9, 77, '4C SPIDER', 'bleu', 1),
(9, 78, 'ARTEON', 'blanc', 23),
(9, 82, '124 SPIDER', 'blanc', 5),
(9, 82, '595', 'argent', 7),
(9, 82, 'A3', 'noir', 22),
(9, 83, 'A3', 'bleu', 10),
(9, 83, 'A8', 'blanc', 1),
(9, 84, 'A8', 'noir', 1),
(9, 84, 'CALIFORNIA', 'bleu', 18),
(9, 85, '695', 'argent', 12),
(9, 85, 'BRZ', 'blanc', 7),
(9, 91, '2008', 'argent', 14),
(9, 91, '488 SPIDER', 'argent', 2),
(9, 92, '488 SPIDER', 'argent', 2),
(9, 92, 'C3', 'argent', 18),
(9, 93, '500', 'bleu', 19),
(9, 93, '911 CARRERA COUPE', 'argent', 2),
(9, 93, 'AURIS', 'bleu', 18),
(9, 95, 'ARTEON', 'noir', 18),
(9, 95, 'BRZ', 'noir', 14),
(9, 95, 'C3', 'blanc', 11),
(9, 96, 'A8', 'blanc', 2),
(9, 96, 'AMG GT', 'argent', 2),
(9, 96, 'C3', 'bleu', 10),
(9, 99, '911 CARRERA COUPE', 'argent', 1),
(9, 99, 'ASTRA', 'gris', 14),
(9, 102, 'A1', 'blanc', 19),
(9, 104, '718', 'blanc', 2),
(9, 112, '695 BIPOSTO', 'blanc', 24),
(9, 112, '718', 'noir', 2),
(9, 113, 'A1', 'bleu', 8),
(9, 115, '911 CARRERA COUPE', 'argent', 2),
(9, 115, 'BENTAYGA', 'gris', 2),
(9, 116, '308 SW', 'argent', 8),
(9, 116, 'ARTEON', 'bleu', 18),
(9, 116, 'AVENSIS', 'bleu', 15),
(9, 116, 'BENTAYGA', 'argent', 2),
(9, 124, '124 SPIDER', 'noir', 14),
(9, 124, '308 SW', 'blanc', 6),
(9, 124, 'A8', 'argent', 2),
(9, 126, 'ALHAMBRA', 'gris', 18),
(9, 126, 'AMG GT', 'blanc', 1),
(9, 126, 'ASTRA', 'bleu', 14),
(9, 127, 'AMG GT', 'gris', 1),
(9, 143, '500', 'gris', 8),
(9, 143, 'AVENSIS', 'bleu', 23),
(10, 2, '488 SPIDER', 'argent', 2),
(10, 2, '695 BIPOSTO', 'noir', 21),
(10, 3, 'AURIS', 'noir', 10),
(10, 3, 'C3', 'gris', 15),
(10, 4, 'ALHAMBRA', 'gris', 6),
(10, 5, 'ASTRA', 'bleu', 5),
(10, 5, 'BENTAYGA', 'blanc', 1),
(10, 8, '595', 'gris', 24),
(10, 9, '500', 'bleu', 22),
(10, 9, '695', 'gris', 23),
(10, 9, 'AYGO', 'bleu', 13),
(10, 10, '308 SW', 'bleu', 13),
(10, 10, 'AVENTADOR S', 'noir', 2),
(10, 11, '124 SPIDER', 'blanc', 8),
(10, 11, 'ALHAMBRA', 'noir', 5),
(10, 12, 'A3', 'argent', 13),
(10, 12, 'AVENTADOR S', 'noir', 2),
(10, 12, 'BENTAYGA', 'argent', 2),
(10, 14, 'A4 ALLROAD', 'blanc', 8),
(10, 14, 'AURIS', 'noir', 15),
(10, 14, 'C3', 'blanc', 7),
(10, 16, '2008', 'blanc', 6),
(10, 16, 'ALHAMBRA', 'bleu', 8),
(10, 17, '695', 'argent', 12),
(10, 18, 'BRZ', 'blanc', 16),
(10, 19, '308 SW', 'noir', 7),
(10, 19, '500', 'blanc', 16),
(10, 19, '695', 'blanc', 14),
(10, 19, 'ARTEON', 'blanc', 21),
(10, 20, '488 SPIDER', 'blanc', 2),
(10, 20, 'AVENTADOR S', 'noir', 2),
(10, 20, 'BRZ', 'argent', 20),
(10, 21, 'AURIS', 'argent', 17),
(10, 22, '308 SW', 'bleu', 5),
(10, 22, '488 SPIDER', 'bleu', 2),
(10, 23, '308 SW', 'argent', 10),
(10, 23, 'AYGO', 'argent', 14),
(10, 24, '2008', 'blanc', 22),
(10, 25, '308 SW', 'noir', 25),
(10, 26, '308 SW', 'noir', 23),
(10, 26, '500', 'noir', 7),
(10, 26, '911 CARRERA COUPE', 'gris', 2),
(10, 27, '911 CARRERA COUPE', 'gris', 2),
(10, 27, 'ASTRA', 'bleu', 16),
(10, 27, 'AURIS', 'bleu', 6),
(10, 27, 'AYGO', 'blanc', 20),
(10, 28, '595', 'blanc', 20),
(10, 28, 'C4 CACTUS', 'blanc', 22),
(10, 29, 'A1', 'gris', 10),
(10, 29, 'ASTRA', 'noir', 7),
(10, 30, '2008', 'noir', 22),
(10, 30, 'A8', 'argent', 2),
(10, 30, 'AVENTADOR S', 'bleu', 2),
(10, 41, '124 SPIDER', 'argent', 21),
(10, 41, '911 CARRERA COUPE', 'noir', 1),
(10, 41, 'A8', 'gris', 1),
(10, 42, 'C-ELYSEE', 'blanc', 15),
(10, 45, '308 SW', 'blanc', 13),
(10, 45, '695', 'argent', 8),
(10, 45, 'AVENSIS', 'gris', 13),
(10, 46, 'ASTRA', 'bleu', 10),
(10, 46, 'AYGO', 'bleu', 9),
(10, 47, '124 SPIDER', 'bleu', 18),
(10, 47, '911 CARRERA COUPE', 'noir', 2),
(10, 47, 'C4 CACTUS', 'gris', 9),
(10, 49, 'A1', 'blanc', 20),
(10, 50, '695 BIPOSTO', 'gris', 19),
(10, 52, 'A3', 'argent', 11),
(10, 52, 'A8', 'argent', 2),
(10, 53, '488 SPIDER', 'noir', 2),
(10, 53, 'AVENTADOR S', 'blanc', 2),
(10, 55, '4C SPIDER', 'blanc', 1),
(10, 61, 'AVENSIS', 'noir', 16),
(10, 62, 'BENTAYGA', 'argent', 2),
(10, 62, 'C3', 'gris', 14),
(10, 63, '2008', 'noir', 21),
(10, 64, 'A1', 'noir', 21),
(10, 64, 'AVENTADOR S', 'gris', 1),
(10, 65, '124 SPIDER', 'argent', 21),
(10, 71, '124 SPIDER', 'noir', 21),
(10, 71, 'A1', 'bleu', 20),
(10, 72, '308 SW', 'gris', 13),
(10, 72, 'A3', 'argent', 15),
(10, 72, 'ASTRA', 'noir', 18),
(10, 77, '718', 'noir', 1),
(10, 77, 'A1', 'bleu', 15),
(10, 77, 'AURIS', 'argent', 12),
(10, 78, '2008', 'bleu', 18),
(10, 82, '695 BIPOSTO', 'noir', 14),
(10, 82, 'BENTAYGA', 'blanc', 1),
(10, 83, 'A4 ALLROAD', 'gris', 8),
(10, 83, 'AMG GT', 'noir', 1),
(10, 83, 'AYGO', 'blanc', 16),
(10, 84, 'ARTEON', 'noir', 22),
(10, 84, 'AVENTADOR S', 'argent', 1),
(10, 85, '4C SPIDER', 'blanc', 1),
(10, 85, '500', 'gris', 6),
(10, 85, 'ASTRA', 'argent', 6),
(10, 91, '308 SW', 'bleu', 17),
(10, 91, 'C-ELYSEE', 'gris', 20),
(10, 92, '695', 'argent', 10),
(10, 92, 'A4 ALLROAD', 'blanc', 17),
(10, 92, 'C4 CACTUS', 'blanc', 23),
(10, 93, 'A3', 'argent', 14),
(10, 93, 'BRZ', 'gris', 25),
(10, 93, 'C4 CACTUS', 'blanc', 25),
(10, 94, 'A8', 'noir', 2),
(10, 94, 'ASTRA', 'argent', 18),
(10, 95, 'AVENSIS', 'gris', 14),
(10, 96, 'A4 ALLROAD', 'blanc', 20),
(10, 99, 'C4 CACTUS', 'gris', 15),
(10, 102, 'C-ELYSEE', 'gris', 14),
(10, 104, '2008', 'blanc', 7),
(10, 112, 'A3', 'noir', 19),
(10, 113, 'A4 ALLROAD', 'blanc', 6),
(10, 115, '595', 'argent', 23),
(10, 115, '718', 'blanc', 1),
(10, 116, '718', 'bleu', 2),
(10, 116, 'ALHAMBRA', 'gris', 17),
(10, 124, '124 SPIDER', 'blanc', 6),
(10, 124, 'BENTAYGA', 'bleu', 2),
(10, 126, 'ASTRA', 'gris', 12),
(10, 126, 'BENTAYGA', 'gris', 1),
(10, 127, '308 SW', 'noir', 25),
(11, 1, '718', 'gris', 1),
(11, 2, 'AMG GT', 'blanc', 2),
(11, 3, '488 SPIDER', 'gris', 2),
(11, 3, 'AYGO', 'blanc', 23),
(11, 4, 'AVENTADOR S', 'argent', 2),
(11, 5, '124 SPIDER', 'gris', 16),
(11, 5, 'AVENSIS', 'blanc', 15),
(11, 5, 'AVENTADOR S', 'bleu', 2),
(11, 5, 'AYGO', 'argent', 20),
(11, 6, 'ALHAMBRA', 'blanc', 22),
(11, 6, 'AVENTADOR S', 'argent', 2),
(11, 6, 'AYGO', 'noir', 7),
(11, 6, 'BENTAYGA', 'blanc', 1),
(11, 7, 'A8', 'blanc', 2),
(11, 7, 'ARTEON', 'gris', 9),
(11, 7, 'BENTAYGA', 'argent', 1),
(11, 8, '124 SPIDER', 'noir', 5),
(11, 9, '2008', 'bleu', 12),
(11, 9, 'A4 ALLROAD', 'argent', 18),
(11, 10, '911 CARRERA COUPE', 'gris', 1),
(11, 11, '2008', 'blanc', 8),
(11, 11, 'A1', 'argent', 5),
(11, 11, 'AURIS', 'bleu', 14),
(11, 12, '488 SPIDER', 'argent', 2),
(11, 12, 'A4 ALLROAD', 'argent', 8),
(11, 13, 'C4 CACTUS', 'argent', 25),
(11, 14, '695 BIPOSTO', 'noir', 15),
(11, 14, 'A1', 'blanc', 15),
(11, 14, 'AVENSIS', 'gris', 22),
(11, 15, 'AMG GT', 'argent', 1),
(11, 16, '911 CARRERA COUPE', 'argent', 1),
(11, 17, '911 CARRERA COUPE', 'blanc', 2),
(11, 17, 'ARTEON', 'gris', 14),
(11, 18, '2008', 'blanc', 22),
(11, 18, '718', 'bleu', 2),
(11, 18, 'AVENTADOR S', 'gris', 1),
(11, 20, 'AVENSIS', 'gris', 23),
(11, 20, 'AYGO', 'blanc', 21),
(11, 20, 'C-ELYSEE', 'blanc', 22),
(11, 21, 'A3', 'noir', 19),
(11, 22, 'C4 CACTUS', 'noir', 23),
(11, 24, '718', 'argent', 2),
(11, 24, 'AVENTADOR S', 'blanc', 2),
(11, 25, '718', 'noir', 1),
(11, 25, 'C3', 'blanc', 6),
(11, 26, '595', 'blanc', 22),
(11, 27, 'A1', 'noir', 20),
(11, 27, 'ARTEON', 'argent', 8),
(11, 27, 'C4 CACTUS', 'gris', 22),
(11, 28, '911 CARRERA COUPE', 'bleu', 1),
(11, 28, 'ALHAMBRA', 'blanc', 14),
(11, 28, 'AMG GT', 'blanc', 1),
(11, 29, '2008', 'bleu', 22),
(11, 29, '718', 'blanc', 2),
(11, 29, 'C4 CACTUS', 'noir', 21),
(11, 30, '718', 'blanc', 1),
(11, 42, 'AYGO', 'argent', 12),
(11, 43, 'A8', 'blanc', 2),
(11, 45, 'BENTAYGA', 'gris', 2),
(11, 46, 'ARTEON', 'gris', 16),
(11, 47, 'A4 ALLROAD', 'argent', 10),
(11, 49, '500', 'gris', 19),
(11, 49, 'ASTRA', 'argent', 6),
(11, 49, 'BRZ', 'bleu', 22),
(11, 50, 'ALHAMBRA', 'bleu', 21),
(11, 50, 'C-ELYSEE', 'argent', 24),
(11, 52, 'AVENSIS', 'gris', 8),
(11, 52, 'C-ELYSEE', 'bleu', 20),
(11, 53, '124 SPIDER', 'bleu', 15),
(11, 53, '500', 'blanc', 25),
(11, 53, '695', 'gris', 24),
(11, 53, 'A4 ALLROAD', 'bleu', 11),
(11, 53, 'ALHAMBRA', 'argent', 12),
(11, 53, 'C4 CACTUS', 'bleu', 13),
(11, 54, 'BRZ', 'argent', 13),
(11, 61, '308 SW', 'blanc', 18),
(11, 61, '488 SPIDER', 'bleu', 1),
(11, 63, '488 SPIDER', 'noir', 1),
(11, 64, '911 CARRERA COUPE', 'gris', 1),
(11, 65, 'A1', 'gris', 19),
(11, 65, 'C4 CACTUS', 'gris', 9),
(11, 71, '718', 'blanc', 1),
(11, 71, 'A8', 'gris', 2),
(11, 72, '718', 'bleu', 1),
(11, 72, '911 CARRERA COUPE', 'noir', 2),
(11, 78, '308 SW', 'gris', 8),
(11, 82, '911 CARRERA COUPE', 'gris', 1),
(11, 82, 'ALHAMBRA', 'blanc', 20),
(11, 83, '500', 'gris', 22),
(11, 84, '595', 'bleu', 8),
(11, 84, 'ALHAMBRA', 'noir', 22),
(11, 85, 'A1', 'argent', 19),
(11, 85, 'A3', 'gris', 21),
(11, 91, '695', 'noir', 22),
(11, 92, 'A4 ALLROAD', 'blanc', 17),
(11, 92, 'AVENSIS', 'gris', 20),
(11, 93, '2008', 'bleu', 10),
(11, 93, 'A1', 'bleu', 7),
(11, 93, 'AVENSIS', 'gris', 16),
(11, 93, 'BRZ', 'bleu', 8),
(11, 93, 'C-ELYSEE', 'blanc', 24),
(11, 94, 'ALHAMBRA', 'gris', 10),
(11, 95, '124 SPIDER', 'argent', 22),
(11, 95, 'A1', 'noir', 10),
(11, 95, 'A3', 'bleu', 18),
(11, 95, 'C-ELYSEE', 'gris', 6),
(11, 102, '2008', 'gris', 11),
(11, 102, '718', 'bleu', 2),
(11, 102, 'C-ELYSEE', 'gris', 22),
(11, 104, '2008', 'blanc', 5),
(11, 112, '595', 'blanc', 23),
(11, 112, 'A1', 'blanc', 5),
(11, 113, '2008', 'bleu', 23),
(11, 113, 'A3', 'bleu', 6),
(11, 113, 'C-ELYSEE', 'gris', 8),
(11, 115, 'A3', 'noir', 6),
(11, 116, 'AVENSIS', 'noir', 20),
(11, 124, '488 SPIDER', 'noir', 1),
(11, 126, 'C4 CACTUS', 'noir', 6),
(11, 127, '695', 'blanc', 13),
(11, 143, '4C SPIDER', 'bleu', 1),
(11, 143, '500', 'blanc', 16),
(11, 143, '595', 'blanc', 10),
(12, 1, '911 CARRERA COUPE', 'gris', 1),
(12, 2, '4C SPIDER', 'blanc', 1),
(12, 2, 'AVENTADOR S', 'blanc', 2),
(12, 3, 'ALHAMBRA', 'noir', 22),
(12, 4, '718', 'argent', 2),
(12, 4, 'A3', 'argent', 20),
(12, 6, '500', 'noir', 6),
(12, 6, 'AVENTADOR S', 'blanc', 1),
(12, 7, '2008', 'noir', 19),
(12, 7, 'ARTEON', 'bleu', 7),
(12, 9, 'A1', 'noir', 11),
(12, 10, 'AVENTADOR S', 'argent', 1),
(12, 11, '308 SW', 'bleu', 14),
(12, 11, '488 SPIDER', 'noir', 1),
(12, 11, '718', 'argent', 2),
(12, 11, 'BENTAYGA', 'noir', 2),
(12, 12, '488 SPIDER', 'gris', 2),
(12, 12, '500', 'bleu', 6),
(12, 13, 'AMG GT', 'noir', 2),
(12, 13, 'AURIS', 'bleu', 19),
(12, 14, '695 BIPOSTO', 'gris', 17),
(12, 14, '718', 'noir', 2),
(12, 14, 'C3', 'gris', 5),
(12, 15, '488 SPIDER', 'noir', 1),
(12, 16, 'A1', 'noir', 12),
(12, 16, 'A3', 'argent', 13),
(12, 17, '695', 'argent', 13),
(12, 17, 'C-ELYSEE', 'gris', 14),
(12, 18, '308 SW', 'blanc', 23),
(12, 18, 'C3', 'blanc', 23),
(12, 19, 'ASTRA', 'blanc', 19),
(12, 19, 'AVENSIS', 'argent', 15),
(12, 19, 'C4 CACTUS', 'blanc', 7),
(12, 21, '124 SPIDER', 'bleu', 17),
(12, 21, 'AVENTADOR S', 'gris', 1),
(12, 22, '488 SPIDER', 'gris', 2),
(12, 22, 'BENTAYGA', 'argent', 2),
(12, 22, 'BRZ', 'gris', 22),
(12, 22, 'C4 CACTUS', 'blanc', 22),
(12, 23, '4C SPIDER', 'noir', 1),
(12, 23, 'AVENSIS', 'blanc', 13),
(12, 24, 'A3', 'gris', 21),
(12, 24, 'AURIS', 'noir', 13),
(12, 24, 'AVENSIS', 'blanc', 13),
(12, 24, 'BENTAYGA', 'gris', 1),
(12, 25, 'C3', 'bleu', 11),
(12, 26, 'C3', 'bleu', 25),
(12, 27, 'ARTEON', 'gris', 14),
(12, 27, 'AURIS', 'gris', 10),
(12, 28, '124 SPIDER', 'noir', 12),
(12, 28, '695', 'argent', 15),
(12, 29, '308 SW', 'noir', 10),
(12, 29, '718', 'noir', 2),
(12, 30, '488 SPIDER', 'noir', 2),
(12, 41, '4C SPIDER', 'bleu', 1),
(12, 41, '695 BIPOSTO', 'blanc', 12),
(12, 43, 'A3', 'argent', 21),
(12, 46, '124 SPIDER', 'bleu', 8),
(12, 46, '308 SW', 'argent', 22),
(12, 46, '4C SPIDER', 'bleu', 2),
(12, 46, '595', 'bleu', 23),
(12, 47, '488 SPIDER', 'blanc', 2),
(12, 47, 'ASTRA', 'blanc', 6),
(12, 47, 'AYGO', 'gris', 8),
(12, 49, '595', 'bleu', 22),
(12, 50, '124 SPIDER', 'bleu', 25),
(12, 53, 'ASTRA', 'blanc', 6),
(12, 53, 'AYGO', 'bleu', 24),
(12, 54, '595', 'gris', 24),
(12, 54, 'A3', 'noir', 24),
(12, 54, 'BENTAYGA', 'bleu', 2),
(12, 55, '308 SW', 'bleu', 20),
(12, 62, '488 SPIDER', 'noir', 1),
(12, 63, 'BRZ', 'blanc', 24),
(12, 64, '500', 'argent', 24),
(12, 64, 'C4 CACTUS', 'blanc', 13),
(12, 65, 'AURIS', 'gris', 16),
(12, 65, 'AYGO', 'noir', 7),
(12, 71, 'A3', 'noir', 5),
(12, 72, '124 SPIDER', 'blanc', 9),
(12, 72, 'AURIS', 'gris', 7),
(12, 72, 'AVENSIS', 'argent', 6),
(12, 77, '124 SPIDER', 'blanc', 15),
(12, 77, 'AVENSIS', 'noir', 7),
(12, 77, 'BRZ', 'blanc', 10),
(12, 78, '4C SPIDER', 'blanc', 1),
(12, 78, '695', 'noir', 17),
(12, 78, '718', 'noir', 2),
(12, 78, 'A3', 'bleu', 12),
(12, 78, 'C3', 'blanc', 20),
(12, 82, '695 BIPOSTO', 'noir', 22),
(12, 82, 'ASTRA', 'noir', 9),
(12, 83, '2008', 'noir', 21),
(12, 83, 'AMG GT', 'gris', 1),
(12, 83, 'ASTRA', 'gris', 16),
(12, 83, 'AVENTADOR S', 'bleu', 1),
(12, 84, '695 BIPOSTO', 'noir', 23),
(12, 84, 'C4 CACTUS', 'argent', 15),
(12, 85, '695 BIPOSTO', 'gris', 6),
(12, 85, 'ASTRA', 'argent', 17),
(12, 91, '4C SPIDER', 'blanc', 1),
(12, 91, 'AURIS', 'argent', 10),
(12, 92, '500', 'noir', 15),
(12, 93, '4C SPIDER', 'argent', 1),
(12, 93, 'ASTRA', 'blanc', 11),
(12, 93, 'AURIS', 'bleu', 13),
(12, 94, 'ASTRA', 'noir', 8),
(12, 94, 'AYGO', 'argent', 20),
(12, 95, 'AMG GT', 'bleu', 2),
(12, 95, 'C3', 'gris', 20),
(12, 96, '500', 'argent', 19),
(12, 96, '695', 'bleu', 10),
(12, 96, 'A3', 'argent', 24),
(12, 96, 'AURIS', 'noir', 17),
(12, 99, '695 BIPOSTO', 'argent', 21),
(12, 99, 'A1', 'noir', 8),
(12, 99, 'A8', 'bleu', 1),
(12, 99, 'ARTEON', 'gris', 24),
(12, 102, 'AVENSIS', 'gris', 22),
(12, 104, '488 SPIDER', 'gris', 2),
(12, 104, 'A3', 'blanc', 11),
(12, 104, 'BENTAYGA', 'noir', 1),
(12, 112, 'A1', 'gris', 14),
(12, 112, 'ALHAMBRA', 'blanc', 22),
(12, 112, 'AMG GT', 'blanc', 2),
(12, 112, 'BRZ', 'bleu', 9),
(12, 113, '4C SPIDER', 'bleu', 1),
(12, 115, '911 CARRERA COUPE', 'noir', 2),
(12, 116, '308 SW', 'gris', 18),
(12, 116, 'A1', 'gris', 16),
(12, 116, 'AVENTADOR S', 'bleu', 2),
(12, 124, '308 SW', 'argent', 18),
(12, 124, '500', 'noir', 16),
(12, 124, '695', 'bleu', 21),
(12, 126, '308 SW', 'gris', 12),
(12, 127, '911 CARRERA COUPE', 'gris', 2),
(12, 127, 'A8', 'bleu', 2),
(12, 127, 'ASTRA', 'bleu', 22),
(12, 143, '695', 'noir', 13),
(12, 143, 'ASTRA', 'blanc', 23),
(12, 143, 'BENTAYGA', 'gris', 1),
(13, 2, '595', 'argent', 19),
(13, 2, '718', 'noir', 2),
(13, 3, '488 SPIDER', 'gris', 2),
(13, 3, 'A1', 'blanc', 13),
(13, 3, 'BENTAYGA', 'gris', 1),
(13, 4, 'BRZ', 'noir', 23),
(13, 5, 'C4 CACTUS', 'argent', 14),
(13, 7, '124 SPIDER', 'gris', 20),
(13, 7, '488 SPIDER', 'bleu', 1),
(13, 7, 'ARTEON', 'bleu', 19),
(13, 8, '911 CARRERA COUPE', 'argent', 2),
(13, 8, 'ALHAMBRA', 'gris', 17),
(13, 8, 'ARTEON', 'blanc', 18),
(13, 10, '911 CARRERA COUPE', 'blanc', 2),
(13, 10, 'ASTRA', 'argent', 18),
(13, 11, '500', 'blanc', 6),
(13, 11, '595', 'bleu', 9),
(13, 11, '695', 'noir', 5),
(13, 11, 'A8', 'bleu', 1),
(13, 11, 'AYGO', 'noir', 21),
(13, 12, '124 SPIDER', 'argent', 9),
(13, 12, '695', 'gris', 10),
(13, 12, 'ALHAMBRA', 'argent', 14),
(13, 13, 'ALHAMBRA', 'gris', 10),
(13, 14, 'A4 ALLROAD', 'noir', 18),
(13, 14, 'AVENSIS', 'bleu', 19),
(13, 15, 'ALHAMBRA', 'blanc', 24),
(13, 15, 'AMG GT', 'blanc', 2),
(13, 16, '718', 'gris', 2),
(13, 16, 'AYGO', 'bleu', 12),
(13, 17, '124 SPIDER', 'bleu', 18),
(13, 18, '488 SPIDER', 'gris', 1),
(13, 18, 'ALHAMBRA', 'bleu', 7),
(13, 18, 'AMG GT', 'noir', 2),
(13, 19, '500', 'noir', 18),
(13, 19, 'ARTEON', 'bleu', 20),
(13, 19, 'ASTRA', 'noir', 12),
(13, 20, '595', 'noir', 22),
(13, 20, 'AURIS', 'bleu', 14),
(13, 20, 'AVENSIS', 'argent', 19),
(13, 20, 'C4 CACTUS', 'bleu', 11),
(13, 21, '695', 'gris', 14),
(13, 22, '911 CARRERA COUPE', 'bleu', 2),
(13, 23, '595', 'argent', 11),
(13, 23, 'AVENTADOR S', 'bleu', 1),
(13, 24, '911 CARRERA COUPE', 'gris', 2),
(13, 24, 'AURIS', 'blanc', 20),
(13, 25, '2008', 'blanc', 14),
(13, 25, 'AVENTADOR S', 'noir', 1),
(13, 26, '4C SPIDER', 'noir', 2),
(13, 26, '695', 'argent', 23),
(13, 26, '695 BIPOSTO', 'blanc', 7),
(13, 26, 'AMG GT', 'noir', 1),
(13, 27, '4C SPIDER', 'noir', 2),
(13, 27, 'BRZ', 'argent', 17),
(13, 29, 'AYGO', 'noir', 19),
(13, 30, '911 CARRERA COUPE', 'gris', 1),
(13, 41, 'ALHAMBRA', 'bleu', 17),
(13, 41, 'AMG GT', 'blanc', 2),
(13, 41, 'AYGO', 'noir', 23),
(13, 42, 'AMG GT', 'noir', 2),
(13, 42, 'AYGO', 'noir', 22),
(13, 42, 'C-ELYSEE', 'gris', 14),
(13, 45, 'ARTEON', 'argent', 21),
(13, 45, 'C3', 'blanc', 15),
(13, 46, 'A3', 'noir', 14),
(13, 46, 'AVENSIS', 'noir', 15),
(13, 46, 'BRZ', 'blanc', 8),
(13, 46, 'C3', 'blanc', 9),
(13, 47, '500', 'gris', 19),
(13, 47, '695', 'argent', 18),
(13, 47, 'ALHAMBRA', 'bleu', 7),
(13, 49, 'AURIS', 'noir', 19),
(13, 50, 'A4 ALLROAD', 'argent', 22),
(13, 52, '124 SPIDER', 'argent', 13),
(13, 52, 'ALHAMBRA', 'blanc', 16),
(13, 54, '718', 'gris', 2),
(13, 55, 'BRZ', 'noir', 23),
(13, 61, 'AYGO', 'gris', 15),
(13, 62, '124 SPIDER', 'argent', 15),
(13, 62, '595', 'bleu', 11),
(13, 62, '718', 'argent', 1),
(13, 62, 'AMG GT', 'noir', 2),
(13, 63, 'AURIS', 'bleu', 14),
(13, 63, 'AVENSIS', 'bleu', 23),
(13, 63, 'AVENTADOR S', 'argent', 1),
(13, 63, 'BRZ', 'noir', 22),
(13, 64, 'C3', 'gris', 7),
(13, 65, 'A4 ALLROAD', 'argent', 22),
(13, 65, 'ALHAMBRA', 'bleu', 11),
(13, 71, 'A4 ALLROAD', 'gris', 23),
(13, 72, '2008', 'blanc', 19),
(13, 72, 'AYGO', 'argent', 7),
(13, 72, 'C4 CACTUS', 'gris', 22),
(13, 77, '124 SPIDER', 'noir', 16),
(13, 77, '308 SW', 'argent', 6),
(13, 77, '718', 'gris', 2),
(13, 78, 'ASTRA', 'gris', 19),
(13, 78, 'AVENSIS', 'gris', 13),
(13, 82, 'AVENTADOR S', 'noir', 1),
(13, 82, 'C3', 'gris', 8),
(13, 83, '695', 'blanc', 18),
(13, 84, 'ARTEON', 'noir', 21),
(13, 85, 'AMG GT', 'bleu', 2),
(13, 91, '595', 'blanc', 13),
(13, 91, '695', 'argent', 21),
(13, 92, 'A1', 'blanc', 10),
(13, 92, 'C-ELYSEE', 'gris', 5),
(13, 93, '500', 'bleu', 8),
(13, 94, '488 SPIDER', 'bleu', 1),
(13, 94, 'A4 ALLROAD', 'blanc', 10),
(13, 95, 'AYGO', 'blanc', 24),
(13, 96, '595', 'noir', 14),
(13, 96, '718', 'bleu', 2),
(13, 99, 'A3', 'noir', 11),
(13, 99, 'AURIS', 'bleu', 21),
(13, 102, 'A1', 'gris', 21),
(13, 104, '695 BIPOSTO', 'bleu', 25),
(13, 116, '308 SW', 'blanc', 23),
(13, 116, 'C-ELYSEE', 'gris', 8),
(13, 124, '695 BIPOSTO', 'gris', 21),
(13, 126, '4C SPIDER', 'gris', 2),
(13, 126, '695', 'bleu', 7),
(13, 127, '124 SPIDER', 'gris', 12),
(13, 127, '308 SW', 'argent', 18),
(13, 127, 'A1', 'gris', 13),
(13, 127, 'A4 ALLROAD', 'blanc', 5),
(14, 2, 'ASTRA', 'bleu', 12),
(14, 2, 'AURIS', 'gris', 23),
(14, 3, 'C3', 'argent', 20),
(14, 5, '488 SPIDER', 'gris', 1),
(14, 5, 'C4 CACTUS', 'gris', 13),
(14, 6, 'A3', 'noir', 9),
(14, 8, 'AMG GT', 'gris', 2),
(14, 8, 'AURIS', 'bleu', 6),
(14, 9, '911 CARRERA COUPE', 'argent', 2),
(14, 9, 'ALHAMBRA', 'blanc', 13),
(14, 11, '2008', 'gris', 8),
(14, 11, 'A4 ALLROAD', 'argent', 22),
(14, 12, '308 SW', 'gris', 5),
(14, 12, '488 SPIDER', 'bleu', 1),
(14, 12, '4C SPIDER', 'gris', 2),
(14, 12, 'A4 ALLROAD', 'blanc', 5),
(14, 12, 'BRZ', 'gris', 18),
(14, 13, 'ASTRA', 'bleu', 11),
(14, 14, '2008', 'gris', 8),
(14, 14, '695', 'argent', 18),
(14, 14, 'AVENTADOR S', 'noir', 1),
(14, 14, 'C3', 'blanc', 12),
(14, 15, 'A1', 'blanc', 21),
(14, 16, 'ARTEON', 'gris', 25),
(14, 17, 'C3', 'noir', 17),
(14, 18, 'ARTEON', 'argent', 18),
(14, 19, '695', 'argent', 10),
(14, 19, 'ALHAMBRA', 'argent', 21),
(14, 19, 'AMG GT', 'argent', 1),
(14, 19, 'AYGO', 'blanc', 23),
(14, 19, 'C3', 'gris', 10),
(14, 20, 'ALHAMBRA', 'argent', 21),
(14, 21, 'A8', 'argent', 1),
(14, 22, 'ALHAMBRA', 'gris', 22),
(14, 23, 'A1', 'bleu', 9),
(14, 23, 'ARTEON', 'noir', 10),
(14, 24, 'BRZ', 'noir', 11),
(14, 26, '911 CARRERA COUPE', 'noir', 1),
(14, 27, 'AMG GT', 'argent', 1),
(14, 29, 'C4 CACTUS', 'gris', 18),
(14, 42, 'A1', 'bleu', 17),
(14, 42, 'AMG GT', 'bleu', 1),
(14, 42, 'ASTRA', 'noir', 16),
(14, 43, '500', 'argent', 8),
(14, 45, 'A3', 'argent', 13),
(14, 47, '911 CARRERA COUPE', 'gris', 2),
(14, 50, '595', 'gris', 7),
(14, 52, '308 SW', 'bleu', 15),
(14, 52, 'ARTEON', 'blanc', 22),
(14, 52, 'AYGO', 'argent', 9),
(14, 61, '124 SPIDER', 'bleu', 12),
(14, 61, '308 SW', 'argent', 23),
(14, 61, 'A3', 'blanc', 6),
(14, 63, 'BENTAYGA', 'blanc', 1),
(14, 64, 'ALHAMBRA', 'noir', 23),
(14, 64, 'AYGO', 'bleu', 7),
(14, 64, 'C4 CACTUS', 'blanc', 15),
(14, 72, '308 SW', 'bleu', 22),
(14, 72, '595', 'gris', 23),
(14, 77, 'ALHAMBRA', 'noir', 7),
(14, 77, 'AURIS', 'bleu', 16),
(14, 82, '718', 'gris', 2),
(14, 82, '911 CARRERA COUPE', 'blanc', 1),
(14, 84, '4C SPIDER', 'gris', 1),
(14, 84, 'ALHAMBRA', 'noir', 5),
(14, 84, 'BRZ', 'argent', 15),
(14, 85, 'A4 ALLROAD', 'argent', 21),
(14, 91, '488 SPIDER', 'bleu', 2),
(14, 91, 'AYGO', 'argent', 24),
(14, 92, 'A1', 'bleu', 17),
(14, 92, 'AMG GT', 'argent', 1),
(14, 92, 'C3', 'gris', 12),
(14, 94, 'A8', 'blanc', 2),
(14, 94, 'AVENSIS', 'gris', 24),
(14, 95, '308 SW', 'noir', 7),
(14, 95, 'A8', 'gris', 1),
(14, 96, '595', 'blanc', 14),
(14, 96, 'A4 ALLROAD', 'blanc', 11),
(14, 96, 'A8', 'gris', 1),
(14, 96, 'ARTEON', 'gris', 13),
(14, 99, 'ALHAMBRA', 'noir', 21),
(14, 102, '308 SW', 'noir', 23),
(14, 102, 'A4 ALLROAD', 'gris', 11),
(14, 104, '124 SPIDER', 'bleu', 14),
(14, 104, 'A1', 'argent', 21),
(14, 104, 'ASTRA', 'noir', 7),
(14, 115, '911 CARRERA COUPE', 'blanc', 2),
(14, 115, 'C-ELYSEE', 'bleu', 20),
(14, 124, 'A8', 'noir', 1),
(14, 124, 'BRZ', 'blanc', 20),
(14, 126, 'A1', 'bleu', 10),
(14, 126, 'AMG GT', 'blanc', 2),
(14, 127, '124 SPIDER', 'bleu', 21),
(14, 127, '718', 'bleu', 1),
(15, 1, 'C-ELYSEE', 'gris', 8),
(15, 2, 'ASTRA', 'gris', 5),
(15, 2, 'AVENTADOR S', 'bleu', 1),
(15, 2, 'AYGO', 'bleu', 14),
(15, 3, '500', 'argent', 6),
(15, 3, '695', 'noir', 13),
(15, 4, '124 SPIDER', 'blanc', 15),
(15, 4, 'AVENSIS', 'noir', 18),
(15, 5, '124 SPIDER', 'gris', 24),
(15, 8, 'A4 ALLROAD', 'noir', 24),
(15, 8, 'A8', 'bleu', 1),
(15, 8, 'AMG GT', 'noir', 1),
(15, 10, '595', 'gris', 7),
(15, 11, '718', 'blanc', 1),
(15, 13, '695 BIPOSTO', 'blanc', 18),
(15, 17, 'AVENSIS', 'blanc', 12),
(15, 18, '718', 'argent', 1),
(15, 19, 'C-ELYSEE', 'gris', 24),
(15, 20, '124 SPIDER', 'bleu', 8),
(15, 20, 'AVENTADOR S', 'blanc', 2),
(15, 21, 'BRZ', 'argent', 24),
(15, 23, 'C4 CACTUS', 'blanc', 17),
(15, 25, 'A3', 'blanc', 7),
(15, 25, 'A8', 'gris', 2),
(15, 26, '4C SPIDER', 'noir', 2),
(15, 26, 'AURIS', 'gris', 14),
(15, 26, 'C3', 'bleu', 7),
(15, 28, 'ALHAMBRA', 'bleu', 20),
(15, 29, 'ASTRA', 'gris', 21),
(15, 30, '500', 'blanc', 18),
(15, 30, 'C4 CACTUS', 'bleu', 16),
(15, 42, 'A8', 'bleu', 1),
(15, 42, 'AURIS', 'argent', 5),
(15, 45, '124 SPIDER', 'bleu', 7),
(15, 45, 'AMG GT', 'gris', 2),
(15, 46, '488 SPIDER', 'bleu', 1),
(15, 46, 'A3', 'argent', 6),
(15, 47, '308 SW', 'bleu', 19),
(15, 47, 'ARTEON', 'noir', 9),
(15, 49, '695 BIPOSTO', 'blanc', 12),
(15, 50, '718', 'gris', 2),
(15, 50, 'AYGO', 'noir', 12),
(15, 53, 'AYGO', 'noir', 24),
(15, 54, 'A8', 'blanc', 2),
(15, 55, 'AVENTADOR S', 'bleu', 1),
(15, 62, 'A8', 'argent', 2),
(15, 62, 'AYGO', 'bleu', 14),
(15, 65, 'A4 ALLROAD', 'argent', 8),
(15, 71, 'ARTEON', 'argent', 9),
(15, 71, 'ASTRA', 'bleu', 7),
(15, 77, '124 SPIDER', 'noir', 7),
(15, 77, '308 SW', 'noir', 22),
(15, 78, 'AVENTADOR S', 'bleu', 1),
(15, 78, 'BRZ', 'blanc', 10),
(15, 83, '595', 'argent', 13),
(15, 84, 'A8', 'noir', 1),
(15, 85, 'BRZ', 'gris', 19),
(15, 91, 'ALHAMBRA', 'noir', 14),
(15, 91, 'C3', 'noir', 5),
(15, 92, '695 BIPOSTO', 'gris', 21),
(15, 93, 'C-ELYSEE', 'blanc', 22),
(15, 95, '2008', 'bleu', 20),
(15, 95, 'BENTAYGA', 'gris', 2),
(15, 99, '4C SPIDER', 'bleu', 1),
(15, 99, 'AVENSIS', 'blanc', 17),
(15, 102, 'ARTEON', 'noir', 6),
(15, 104, '595', 'blanc', 14),
(15, 113, '2008', 'noir', 20),
(15, 113, '4C SPIDER', 'argent', 2),
(15, 115, '308 SW', 'gris', 9),
(15, 115, 'A3', 'gris', 9),
(15, 116, '488 SPIDER', 'gris', 1),
(15, 116, '695 BIPOSTO', 'argent', 7),
(15, 116, 'A3', 'bleu', 22),
(15, 124, 'A8', 'blanc', 2),
(15, 126, '488 SPIDER', 'noir', 2),
(15, 126, 'ASTRA', 'gris', 22),
(16, 2, '2008', 'blanc', 13),
(16, 2, '718', 'bleu', 1),
(16, 2, 'A4 ALLROAD', 'gris', 23),
(16, 2, 'A8', 'argent', 1),
(16, 2, 'AVENSIS', 'noir', 16),
(16, 2, 'C3', 'noir', 12),
(16, 3, '695', 'blanc', 12),
(16, 3, '911 CARRERA COUPE', 'gris', 1),
(16, 4, 'AVENTADOR S', 'gris', 2),
(16, 6, 'C3', 'noir', 17),
(16, 7, 'C-ELYSEE', 'gris', 22),
(16, 8, '488 SPIDER', 'blanc', 1),
(16, 8, 'A8', 'gris', 2),
(16, 9, '500', 'argent', 20),
(16, 9, 'AURIS', 'noir', 9),
(16, 11, '4C SPIDER', 'argent', 2),
(16, 11, '718', 'gris', 2),
(16, 11, 'ALHAMBRA', 'blanc', 8),
(16, 11, 'C-ELYSEE', 'argent', 20),
(16, 12, '2008', 'argent', 6),
(16, 12, 'ASTRA', 'bleu', 6),
(16, 13, '2008', 'gris', 7),
(16, 13, 'A1', 'noir', 12),
(16, 14, '488 SPIDER', 'gris', 2),
(16, 14, 'A1', 'blanc', 12),
(16, 14, 'C4 CACTUS', 'bleu', 8),
(16, 15, 'ASTRA', 'gris', 8),
(16, 15, 'BENTAYGA', 'bleu', 2),
(16, 15, 'BRZ', 'gris', 17),
(16, 15, 'C-ELYSEE', 'blanc', 13),
(16, 16, 'A8', 'gris', 2),
(16, 16, 'C4 CACTUS', 'noir', 25),
(16, 17, '695', 'noir', 24),
(16, 19, '695 BIPOSTO', 'blanc', 19),
(16, 19, 'AMG GT', 'bleu', 1),
(16, 19, 'C4 CACTUS', 'blanc', 10),
(16, 21, 'A4 ALLROAD', 'blanc', 6),
(16, 22, '695 BIPOSTO', 'gris', 21),
(16, 23, 'BENTAYGA', 'blanc', 1),
(16, 23, 'C4 CACTUS', 'blanc', 8),
(16, 24, '2008', 'argent', 6),
(16, 24, '488 SPIDER', 'gris', 2),
(16, 24, '500', 'noir', 17),
(16, 24, '695', 'argent', 19),
(16, 25, 'A1', 'gris', 18),
(16, 25, 'AVENTADOR S', 'blanc', 1),
(16, 26, '695', 'bleu', 11),
(16, 27, 'C3', 'bleu', 6),
(16, 29, '500', 'noir', 21),
(16, 30, 'AURIS', 'bleu', 16),
(16, 30, 'BENTAYGA', 'bleu', 2),
(16, 42, 'A8', 'blanc', 1),
(16, 43, 'AVENTADOR S', 'noir', 2),
(16, 43, 'BENTAYGA', 'bleu', 2),
(16, 45, '488 SPIDER', 'bleu', 2),
(16, 45, 'AVENTADOR S', 'noir', 1),
(16, 46, '4C SPIDER', 'gris', 1),
(16, 46, '695 BIPOSTO', 'bleu', 8),
(16, 46, 'ARTEON', 'noir', 13),
(16, 47, '718', 'noir', 2),
(16, 49, '308 SW', 'bleu', 15),
(16, 50, '911 CARRERA COUPE', 'blanc', 2),
(16, 52, '124 SPIDER', 'noir', 11),
(16, 52, '595', 'bleu', 18),
(16, 52, 'ASTRA', 'bleu', 24),
(16, 53, '308 SW', 'noir', 13),
(16, 53, '718', 'blanc', 2),
(16, 53, 'A3', 'gris', 7),
(16, 53, 'AURIS', 'gris', 21),
(16, 54, '488 SPIDER', 'argent', 1),
(16, 54, 'A3', 'blanc', 25),
(16, 55, 'ARTEON', 'gris', 16),
(16, 62, '695 BIPOSTO', 'noir', 16),
(16, 62, '718', 'noir', 1),
(16, 62, 'C-ELYSEE', 'bleu', 7),
(16, 63, '695 BIPOSTO', 'bleu', 9),
(16, 63, 'A4 ALLROAD', 'blanc', 7),
(16, 64, 'ALHAMBRA', 'bleu', 24),
(16, 65, '695', 'argent', 24),
(16, 77, 'ARTEON', 'argent', 23),
(16, 83, '4C SPIDER', 'noir', 1),
(16, 84, '595', 'blanc', 11),
(16, 84, 'BENTAYGA', 'bleu', 1),
(16, 85, '595', 'noir', 19),
(16, 93, 'BRZ', 'noir', 11),
(16, 94, 'BRZ', 'blanc', 15),
(16, 96, '500', 'blanc', 10),
(16, 102, 'A4 ALLROAD', 'blanc', 6),
(16, 102, 'C3', 'noir', 17),
(16, 104, 'A3', 'blanc', 14),
(16, 115, '488 SPIDER', 'blanc', 1),
(16, 115, 'AYGO', 'blanc', 8),
(16, 116, '911 CARRERA COUPE', 'noir', 2),
(16, 116, 'AVENSIS', 'argent', 25),
(16, 124, '695 BIPOSTO', 'argent', 24),
(16, 124, 'ARTEON', 'bleu', 15),
(16, 124, 'AVENTADOR S', 'bleu', 2),
(16, 126, '595', 'argent', 22),
(16, 126, 'AMG GT', 'gris', 2),
(16, 127, '308 SW', 'blanc', 6),
(16, 143, '911 CARRERA COUPE', 'noir', 2),
(16, 143, 'A8', 'argent', 1),
(17, 1, '911 CARRERA COUPE', 'bleu', 2),
(17, 1, 'BENTAYGA', 'gris', 1),
(17, 1, 'C-ELYSEE', 'gris', 17),
(17, 4, '500', 'argent', 24),
(17, 4, '595', 'gris', 16),
(17, 4, 'C4 CACTUS', 'blanc', 16),
(17, 5, '308 SW', 'noir', 11),
(17, 5, '911 CARRERA COUPE', 'blanc', 2),
(17, 6, '911 CARRERA COUPE', 'argent', 1),
(17, 8, '695', 'gris', 7),
(17, 8, 'A4 ALLROAD', 'bleu', 21),
(17, 8, 'AURIS', 'argent', 10),
(17, 9, '500', 'gris', 11),
(17, 9, 'C-ELYSEE', 'blanc', 11),
(17, 10, 'A8', 'blanc', 2),
(17, 11, '695', 'blanc', 18),
(17, 11, 'A1', 'gris', 6),
(17, 11, 'C3', 'noir', 12),
(17, 12, 'A8', 'noir', 2),
(17, 12, 'ALHAMBRA', 'argent', 10),
(17, 12, 'AMG GT', 'argent', 2),
(17, 12, 'AURIS', 'blanc', 13),
(17, 13, '4C SPIDER', 'bleu', 1),
(17, 14, 'A3', 'bleu', 23),
(17, 15, '124 SPIDER', 'bleu', 17),
(17, 15, 'A4 ALLROAD', 'blanc', 15),
(17, 15, 'C4 CACTUS', 'gris', 11),
(17, 18, '124 SPIDER', 'blanc', 6),
(17, 18, 'ARTEON', 'bleu', 12),
(17, 18, 'AVENSIS', 'noir', 13),
(17, 19, '2008', 'gris', 25),
(17, 19, '911 CARRERA COUPE', 'bleu', 2),
(17, 19, 'ALHAMBRA', 'gris', 19),
(17, 19, 'AMG GT', 'bleu', 2),
(17, 19, 'AURIS', 'bleu', 21),
(17, 20, 'BRZ', 'gris', 22),
(17, 21, '2008', 'gris', 23),
(17, 21, '595', 'blanc', 10),
(17, 21, '911 CARRERA COUPE', 'noir', 1),
(17, 22, 'A8', 'argent', 1),
(17, 26, '4C SPIDER', 'argent', 1),
(17, 26, 'AVENSIS', 'gris', 10),
(17, 26, 'C-ELYSEE', 'blanc', 24),
(17, 28, '911 CARRERA COUPE', 'noir', 2),
(17, 30, 'C3', 'argent', 10),
(17, 41, 'C3', 'argent', 19),
(17, 42, '2008', 'blanc', 18),
(17, 42, 'AVENSIS', 'noir', 15),
(17, 43, '308 SW', 'noir', 20),
(17, 43, '500', 'argent', 20),
(17, 45, '500', 'argent', 7),
(17, 45, 'AURIS', 'noir', 17),
(17, 47, 'BENTAYGA', 'gris', 1),
(17, 49, 'A1', 'blanc', 22),
(17, 53, '2008', 'bleu', 19),
(17, 53, 'A4 ALLROAD', 'gris', 11),
(17, 53, 'AVENTADOR S', 'blanc', 2),
(17, 53, 'AYGO', 'noir', 6),
(17, 54, '695', 'blanc', 16),
(17, 54, '911 CARRERA COUPE', 'gris', 1),
(17, 55, 'ARTEON', 'bleu', 6),
(17, 61, 'A8', 'gris', 2),
(17, 61, 'AMG GT', 'argent', 2),
(17, 62, 'A4 ALLROAD', 'bleu', 15),
(17, 63, 'A1', 'gris', 16),
(17, 63, 'ALHAMBRA', 'bleu', 17),
(17, 63, 'ARTEON', 'bleu', 7),
(17, 65, 'A8', 'gris', 1),
(17, 72, '4C SPIDER', 'noir', 2),
(17, 77, 'C4 CACTUS', 'blanc', 9),
(17, 82, '500', 'bleu', 11),
(17, 83, '2008', 'gris', 24),
(17, 84, '4C SPIDER', 'bleu', 1),
(17, 91, 'ALHAMBRA', 'gris', 17),
(17, 92, 'C-ELYSEE', 'bleu', 7),
(17, 93, '695 BIPOSTO', 'noir', 12),
(17, 93, 'C4 CACTUS', 'blanc', 14),
(17, 94, '500', 'bleu', 8),
(17, 94, 'BENTAYGA', 'bleu', 1),
(17, 95, '718', 'noir', 1),
(17, 95, 'ALHAMBRA', 'bleu', 18),
(17, 95, 'ARTEON', 'noir', 15),
(17, 95, 'C4 CACTUS', 'argent', 7),
(17, 96, 'A8', 'argent', 1),
(17, 96, 'AURIS', 'blanc', 24),
(17, 99, '911 CARRERA COUPE', 'noir', 1),
(17, 99, 'A1', 'gris', 6),
(17, 102, 'C3', 'noir', 8),
(17, 104, '500', 'argent', 20),
(17, 104, 'AVENTADOR S', 'argent', 1),
(17, 104, 'C3', 'noir', 10),
(17, 113, '124 SPIDER', 'noir', 15),
(17, 113, '695 BIPOSTO', 'gris', 21),
(17, 113, 'ARTEON', 'argent', 23),
(17, 113, 'AVENSIS', 'bleu', 9),
(17, 113, 'AVENTADOR S', 'bleu', 2),
(17, 115, 'ARTEON', 'argent', 5),
(17, 115, 'C4 CACTUS', 'noir', 8),
(17, 126, '2008', 'argent', 11),
(17, 127, '2008', 'argent', 14),
(17, 127, 'C-ELYSEE', 'noir', 5),
(17, 143, '911 CARRERA COUPE', 'blanc', 1),
(18, 1, '488 SPIDER', 'blanc', 1),
(18, 1, '595', 'blanc', 20),
(18, 1, 'ARTEON', 'argent', 7),
(18, 1, 'AURIS', 'gris', 10),
(18, 1, 'C3', 'blanc', 22),
(18, 2, 'AURIS', 'gris', 20),
(18, 4, 'A8', 'bleu', 1),
(18, 4, 'AVENSIS', 'argent', 18),
(18, 4, 'BENTAYGA', 'gris', 1),
(18, 6, '911 CARRERA COUPE', 'bleu', 2),
(18, 6, 'ASTRA', 'argent', 9),
(18, 7, '2008', 'noir', 8),
(18, 8, '308 SW', 'argent', 8),
(18, 9, 'BENTAYGA', 'bleu', 1),
(18, 10, 'AVENSIS', 'blanc', 8),
(18, 11, 'AVENSIS', 'blanc', 21),
(18, 11, 'AYGO', 'noir', 19),
(18, 12, 'A3', 'bleu', 9),
(18, 13, 'AMG GT', 'argent', 2),
(18, 13, 'AVENTADOR S', 'argent', 1),
(18, 15, '695 BIPOSTO', 'gris', 13),
(18, 16, '124 SPIDER', 'gris', 25),
(18, 17, '911 CARRERA COUPE', 'noir', 1),
(18, 18, 'AMG GT', 'gris', 1),
(18, 21, 'AVENTADOR S', 'noir', 1),
(18, 22, 'AVENSIS', 'argent', 7),
(18, 23, '2008', 'noir', 18),
(18, 25, 'A3', 'blanc', 22),
(18, 26, 'A8', 'gris', 2),
(18, 27, '308 SW', 'blanc', 6),
(18, 27, 'A8', 'bleu', 1),
(18, 28, '718', 'argent', 2),
(18, 29, 'A4 ALLROAD', 'bleu', 8),
(18, 29, 'AYGO', 'blanc', 19),
(18, 30, '911 CARRERA COUPE', 'gris', 1),
(18, 30, 'A3', 'blanc', 18),
(18, 41, 'BRZ', 'gris', 18),
(18, 42, '2008', 'blanc', 16),
(18, 42, '4C SPIDER', 'argent', 2),
(18, 42, 'C3', 'bleu', 24),
(18, 43, '124 SPIDER', 'gris', 20),
(18, 46, 'ASTRA', 'bleu', 8),
(18, 49, 'BENTAYGA', 'noir', 2),
(18, 50, '500', 'gris', 9),
(18, 50, 'AMG GT', 'gris', 2),
(18, 53, '595', 'gris', 12),
(18, 53, '695 BIPOSTO', 'blanc', 9),
(18, 53, '718', 'noir', 1),
(18, 54, 'A3', 'gris', 21),
(18, 54, 'AYGO', 'noir', 22),
(18, 54, 'BRZ', 'argent', 16),
(18, 55, 'BENTAYGA', 'noir', 2),
(18, 61, '124 SPIDER', 'argent', 8),
(18, 61, '595', 'blanc', 9),
(18, 61, 'A1', 'gris', 23),
(18, 61, 'C-ELYSEE', 'argent', 8),
(18, 62, '308 SW', 'gris', 8),
(18, 62, 'ASTRA', 'blanc', 20),
(18, 62, 'AVENSIS', 'blanc', 24),
(18, 64, '308 SW', 'gris', 12),
(18, 64, 'AVENTADOR S', 'noir', 2),
(18, 64, 'BRZ', 'noir', 24),
(18, 65, 'A1', 'argent', 23),
(18, 65, 'C-ELYSEE', 'blanc', 18),
(18, 71, '595', 'gris', 25),
(18, 71, '695', 'blanc', 16),
(18, 71, 'C4 CACTUS', 'noir', 8),
(18, 72, '695 BIPOSTO', 'argent', 23),
(18, 72, 'A1', 'bleu', 8),
(18, 77, 'AVENTADOR S', 'gris', 1),
(18, 83, '4C SPIDER', 'blanc', 1),
(18, 83, '911 CARRERA COUPE', 'blanc', 1),
(18, 83, 'AVENTADOR S', 'gris', 1),
(18, 83, 'AYGO', 'gris', 13),
(18, 84, '124 SPIDER', 'blanc', 13),
(18, 85, 'AVENSIS', 'argent', 12),
(18, 91, '911 CARRERA COUPE', 'bleu', 1),
(18, 91, 'A3', 'noir', 14),
(18, 91, 'BRZ', 'gris', 8),
(18, 92, '488 SPIDER', 'argent', 1),
(18, 92, 'A1', 'blanc', 19),
(18, 94, '500', 'argent', 6),
(18, 95, '2008', 'bleu', 8),
(18, 95, '695', 'blanc', 22),
(18, 96, 'AURIS', 'gris', 9),
(18, 99, 'A4 ALLROAD', 'gris', 20),
(18, 99, 'AMG GT', 'argent', 1),
(18, 99, 'ARTEON', 'blanc', 13),
(18, 99, 'AYGO', 'noir', 13),
(18, 102, '718', 'gris', 1),
(18, 104, 'ARTEON', 'noir', 5),
(18, 112, '488 SPIDER', 'blanc', 2),
(18, 112, '4C SPIDER', 'noir', 2),
(18, 112, 'A3', 'argent', 8),
(18, 113, '4C SPIDER', 'argent', 1),
(18, 113, 'A8', 'noir', 1),
(18, 115, '308 SW', 'noir', 17),
(18, 115, '500', 'argent', 15),
(18, 115, '695', 'bleu', 10),
(18, 115, 'AYGO', 'bleu', 16),
(18, 116, 'A1', 'noir', 11),
(18, 116, 'AVENTADOR S', 'blanc', 2),
(18, 124, '718', 'argent', 1),
(18, 126, 'ARTEON', 'gris', 22),
(18, 127, 'AVENTADOR S', 'bleu', 1),
(18, 143, '124 SPIDER', 'gris', 23),
(19, 1, 'A3', 'gris', 10),
(19, 2, 'C-ELYSEE', 'argent', 7),
(19, 3, '695', 'argent', 23),
(19, 3, 'ASTRA', 'argent', 7),
(19, 4, '695 BIPOSTO', 'blanc', 10),
(19, 6, '124 SPIDER', 'noir', 9),
(19, 6, 'A4 ALLROAD', 'noir', 17),
(19, 6, 'ALHAMBRA', 'blanc', 15),
(19, 6, 'AURIS', 'blanc', 14),
(19, 6, 'AYGO', 'bleu', 16),
(19, 7, 'A3', 'gris', 12),
(19, 8, '595', 'argent', 16),
(19, 8, 'ASTRA', 'bleu', 8),
(19, 9, 'A1', 'blanc', 22),
(19, 9, 'AMG GT', 'bleu', 2),
(19, 10, 'ASTRA', 'argent', 10),
(19, 11, '2008', 'noir', 18),
(19, 11, 'AYGO', 'gris', 16),
(19, 13, '2008', 'argent', 6),
(19, 13, '695 BIPOSTO', 'noir', 17),
(19, 13, 'AMG GT', 'argent', 1),
(19, 13, 'AVENTADOR S', 'noir', 2),
(19, 14, '695', 'argent', 19),
(19, 15, '500', 'noir', 15),
(19, 15, '695 BIPOSTO', 'gris', 11),
(19, 15, '718', 'argent', 1),
(19, 15, 'ARTEON', 'gris', 23),
(19, 16, '124 SPIDER', 'noir', 23),
(19, 16, '718', 'gris', 1),
(19, 17, '124 SPIDER', 'gris', 25),
(19, 17, 'A1', 'noir', 8),
(19, 17, 'AURIS', 'gris', 17),
(19, 17, 'C3', 'argent', 23),
(19, 18, '500', 'gris', 9),
(19, 18, 'AYGO', 'blanc', 20),
(19, 19, '695', 'argent', 17),
(19, 19, 'ASTRA', 'argent', 10),
(19, 19, 'AVENTADOR S', 'noir', 2),
(19, 19, 'C-ELYSEE', 'blanc', 18),
(19, 21, 'AVENTADOR S', 'gris', 1),
(19, 23, '500', 'gris', 8),
(19, 23, 'A3', 'argent', 10),
(19, 23, 'AMG GT', 'gris', 1),
(19, 23, 'C4 CACTUS', 'gris', 14),
(19, 24, '695', 'bleu', 21),
(19, 25, '595', 'argent', 21),
(19, 25, 'AMG GT', 'argent', 1),
(19, 26, '695 BIPOSTO', 'gris', 22),
(19, 26, 'A3', 'noir', 13),
(19, 27, 'A8', 'bleu', 2),
(19, 28, 'ARTEON', 'noir', 19),
(19, 29, '695', 'noir', 14),
(19, 29, 'A8', 'blanc', 1),
(19, 41, '488 SPIDER', 'noir', 2),
(19, 41, 'A4 ALLROAD', 'argent', 25),
(19, 41, 'C-ELYSEE', 'gris', 7),
(19, 42, 'C-ELYSEE', 'noir', 8),
(19, 43, 'C-ELYSEE', 'argent', 21),
(19, 45, 'BRZ', 'blanc', 24),
(19, 46, '695', 'noir', 15),
(19, 46, '695 BIPOSTO', 'gris', 23),
(19, 46, 'C3', 'noir', 16),
(19, 47, 'AYGO', 'gris', 20),
(19, 47, 'BRZ', 'blanc', 7),
(19, 47, 'C4 CACTUS', 'blanc', 7),
(19, 50, '695 BIPOSTO', 'bleu', 10),
(19, 52, '2008', 'noir', 20),
(19, 52, 'C-ELYSEE', 'gris', 6),
(19, 53, '308 SW', 'argent', 25),
(19, 53, 'AVENSIS', 'noir', 21),
(19, 53, 'BRZ', 'noir', 17),
(19, 54, '695', 'blanc', 17),
(19, 54, 'ALHAMBRA', 'gris', 8),
(19, 54, 'AYGO', 'argent', 13),
(19, 54, 'BENTAYGA', 'gris', 2),
(19, 61, '2008', 'bleu', 8),
(19, 61, 'BRZ', 'noir', 20),
(19, 62, 'A8', 'noir', 2),
(19, 63, '911 CARRERA COUPE', 'argent', 1),
(19, 64, '308 SW', 'bleu', 15),
(19, 64, '500', 'gris', 23),
(19, 71, '2008', 'noir', 8),
(19, 71, '4C SPIDER', 'bleu', 2),
(19, 72, 'ASTRA', 'bleu', 21),
(19, 77, '500', 'gris', 21),
(19, 77, '695 BIPOSTO', 'blanc', 14),
(19, 78, '308 SW', 'argent', 10),
(19, 84, '2008', 'blanc', 12),
(19, 84, '695 BIPOSTO', 'blanc', 24),
(19, 84, '911 CARRERA COUPE', 'bleu', 1),
(19, 84, 'BENTAYGA', 'noir', 2),
(19, 85, 'A1', 'noir', 25),
(19, 85, 'ASTRA', 'argent', 5),
(19, 91, '2008', 'bleu', 6),
(19, 91, 'AYGO', 'bleu', 9),
(19, 92, '500', 'gris', 21),
(19, 92, 'A3', 'bleu', 10),
(19, 92, 'AVENTADOR S', 'blanc', 1),
(19, 94, 'ALHAMBRA', 'bleu', 20),
(19, 95, '500', 'blanc', 20),
(19, 95, 'A8', 'blanc', 1),
(19, 95, 'ARTEON', 'gris', 18),
(19, 96, '718', 'gris', 2),
(19, 96, 'AVENTADOR S', 'argent', 1),
(19, 99, 'AVENSIS', 'bleu', 25),
(19, 102, '124 SPIDER', 'blanc', 23),
(19, 102, '595', 'argent', 6),
(19, 102, 'AURIS', 'noir', 12),
(19, 113, '695 BIPOSTO', 'gris', 16),
(19, 115, '488 SPIDER', 'bleu', 1),
(19, 124, '500', 'noir', 24),
(19, 124, 'BRZ', 'argent', 18),
(19, 126, '488 SPIDER', 'argent', 2),
(19, 126, 'AMG GT', 'noir', 1),
(19, 126, 'BENTAYGA', 'blanc', 1),
(19, 127, '500', 'noir', 22),
(19, 127, 'C3', 'bleu', 9),
(19, 143, '718', 'argent', 1),
(19, 143, 'ARTEON', 'argent', 16);

-- --------------------------------------------------------

--
-- Structure de la table `marque`
--

DROP TABLE IF EXISTS `marque`;
CREATE TABLE IF NOT EXISTS `marque` (
  `Mar_nom` varchar(50) NOT NULL,
  `mar_origine` varchar(50) NOT NULL,
  PRIMARY KEY (`Mar_nom`)
) ENGINE=InnoDB DEFAULT CHARSET=latin1;

--
-- Déchargement des données de la table `marque`
--

INSERT INTO `marque` (`Mar_nom`, `mar_origine`) VALUES
('abarth', 'italie'),
('alfa romeo', 'italie'),
('aston martin', 'angleterre'),
('audi', 'allemagne'),
('bentley', 'angleterre'),
('bmw', 'allemand'),
('citroen', 'france'),
('dacia', 'roumanie'),
('ferrari', 'italie'),
('fiat', 'italie'),
('ford', 'etats-unis'),
('honda', 'japon'),
('hyundai', 'corée'),
('jaguar', 'angleterre'),
('Kia', 'corée'),
('lada', 'russe'),
('lamborghini', 'italie'),
('lexus', 'japon'),
('lotus', 'angleterre'),
('Mac Laren', 'angleterre'),
('masda', 'japon'),
('maserati', 'italie'),
('Mercedes-Benz', 'allemange'),
('Mitsubishi', 'japon'),
('Nissan', 'japon'),
('opel', 'allemagne'),
('Peugeot', 'france'),
('Porsche', 'allemagne'),
('Renault', 'france'),
('Rolls-Royce', 'angleterre'),
('Seat', 'espagne'),
('Skoda', 'tchecoslovaquie'),
('Smart', 'allemagne'),
('Ssangyong', 'corée'),
('Subaru', 'japon'),
('Suzuki', 'japon'),
('Toyoda', 'japon'),
('Volkswagen', 'allemagne'),
('Volvo', 'suède');

-- --------------------------------------------------------

--
-- Structure de la table `modele`
--

DROP TABLE IF EXISTS `modele`;
CREATE TABLE IF NOT EXISTS `modele` (
  `Mod_ref` varchar(50) NOT NULL,
  `Mod_designation` varchar(100) NOT NULL,
  `Mod_prix` double NOT NULL,
  `Mar_nom` varchar(50) NOT NULL,
  PRIMARY KEY (`Mod_ref`),
  KEY `Mar_nom` (`Mar_nom`)
) ENGINE=InnoDB DEFAULT CHARSET=latin1;

--
-- Déchargement des données de la table `modele`
--

INSERT INTO `modele` (`Mod_ref`, `Mod_designation`, `Mod_prix`, `Mar_nom`) VALUES
('124 SPIDER', 'cabriolet 2 places', 25990, 'fiat'),
('2008', 'SUV 5 places', 18150, 'Peugeot'),
('308 SW', 'berline 5 portes 5 places', 21600, 'Peugeot'),
('488 SPIDER', 'cabriolet 2 places', 243907, 'ferrari'),
('4C SPIDER', 'sportive  2 places', 73000, 'alfa romeo'),
('500', 'citadine 4 places', 12500, 'fiat'),
('595', 'citadine 4 portes', 18600, 'abarth'),
('695', 'citadine 4 places', 27400, 'abarth'),
('695 BIPOSTO', 'citadine 2 places', 40500, 'abarth'),
('718', 'cabriolet2 places', 53960, 'Porsche'),
('911 CARRERA COUPE', 'sportive4 places', 98975, 'Porsche'),
('A1', 'citadine 4 places', 17700, 'audi'),
('A3', 'berline 3 portes 5 places', 31090, 'audi'),
('A4 ALLROAD', 'SUV 5 places', 47480, 'audi'),
('A8', 'berline 4 portes 5 placeadine', 90500, 'audi'),
('ALHAMBRA', 'monospace 7 places', 34390, 'Seat'),
('AMG GT', 'sportive 2 places', 124900, 'Mercedes-Benz'),
('ARTEON', 'berline 4 portes 5 places', 38250, 'Volkswagen'),
('ASTRA', 'berline 5 portes 5 places', 20700, 'opel'),
('AURIS', 'berline 5 portes 5 places', 20600, 'Toyoda'),
('AVENSIS', 'berline 4 portes 5 places', 29400, 'Toyoda'),
('AVENTADOR S', 'sportive 2 places', 337866, 'lamborghini'),
('AYGO', 'citadine 4 places', 10500, 'Toyoda'),
('BENTAYGA', 'SUV 5 places', 182400, 'bentley'),
('BRZ', 'sportive 4 places', 32990, 'Subaru'),
('C-ELYSEE', 'berline 4 portes 5 places', 13750, 'citroen'),
('C3', 'citadine 5 places', 12950, 'citroen'),
('C4 CACTUS', 'berline 5 portes 5 places', 16950, 'citroen'),
('CALIFORNIA', 'monospace 4 places', 43500, 'Volkswagen'),
('CARENS', 'monospace 7 places', 22250, 'Kia'),
('CASCADA', 'berline 2 portes 4 places', 31000, 'opel'),
('CITAN', 'berline 5 portes 5 places', 21820, 'Mercedes-Benz'),
('CLASSE A', 'berline 5 portes 5 places', 23950, 'Mercedes-Benz'),
('CLASSE C CABRIOLET', 'berline 2 portes 4 places', 44650, 'Mercedes-Benz'),
('CLASSE SL', 'sportive 2 places', 105700, 'Mercedes-Benz'),
('CLIO', 'citadine 5 places', 13700, 'Renault'),
('COCCINELLE', 'berline 3 portes 5 places', 22090, 'Volkswagen'),
('CORSA', 'citadine 5 places', 13800, 'opel'),
('CT', 'berline 5 portes 5 places', 31390, 'lexus'),
('CX-3', 'SUV 5 places', 20650, 'masda'),
('DB11', 'sportive  4 places', 210464, 'aston martin'),
('DOBLO', 'monospace 5 places', 20490, 'fiat'),
('DUSTER', 'SUV 5 places', 11900, 'dacia'),
('E-PACE', 'SUV 5 places', 35700, 'jaguar'),
('ECLIPSE CROSS', 'SUV 5 places', 24990, 'Mitsubishi'),
('EDGE', 'SUV 5 places', 45000, 'ford'),
('ELISE', 'cabriolet 2 places', 40240, 'lotus'),
('EVALIA', 'monospace 5 places', 21900, 'Nissan'),
('EVORA', 'sportive 4 places', 96810, 'lotus'),
('EXIGE', 'portive 2 places', 74630, 'lotus'),
('F-TYPE COUPE', 'sportive 2 places', 50700, 'jaguar'),
('FABIA', 'citadine 5 places', 12360, 'Skoda'),
('FOCUS', 'berline 5 portes 5 places', 18100, 'ford'),
('FORFOUR', 'citadine 4 places', 11600, 'Smart'),
('FORTWO CABRIO', 'citadine 2 places', 14150, 'Smart'),
('GENESIS', 'berline 4 portes 5 places', 73200, 'hyundai'),
('GHIBLI', 'berline 4 portes 5 places', 68500, 'maserati'),
('GIULIA', 'berline 4 portes 5 places', 30900, 'alfa romeo'),
('GOLF', 'berline 3 portes 5 places', 19090, 'Volkswagen'),
('GRANTA', 'citadine 5 places', 9990, 'lada'),
('GRANTURISMO', 'sportive 4 places', 126500, 'maserati'),
('I3', 'monospace 4 places', 38100, 'bmw'),
('I30', 'berline 5 portes 5 places', 22540, 'hyundai'),
('IBIZA', 'citadine 5 places', 13860, 'Seat'),
('IMPREZA', 'berline 5 porte 5 places', 23990, 'Subaru'),
('ION', 'citadine 4 places', 26900, 'Peugeot'),
('IONIQ', 'berline 5 portes 5 places', 26100, 'hyundai'),
('IS', 'berline 4 portes 5 places', 40890, 'lexus'),
('JUKE', 'SUV 5 places', 16200, 'Nissan'),
('KADJAR', 'SUV 5 places', 23800, 'Renault'),
('KARL', 'citadine 4 places', 11800, 'opel'),
('KUGA', 'SUV 5 places', 22650, 'ford'),
('LODGY', 'monospace 5 places', 10150, 'dacia'),
('LOGAN', 'berline 4 portes 5 places', 7750, 'dacia'),
('LS', 'berline 4 portes 4 places', 101000, 'lexus'),
('M3', 'berline 4 portes 5 places', 38100, 'bmw'),
('M5', 'berline 4 portes 5 places', 126500, 'bmw'),
('MAZDA2', 'citadine 5 places', 16650, 'masda'),
('MAZDA6 WAGON', 'berline 5 portes 5 places', 29800, 'masda'),
('MCLAREN 570S SPIDER', 'sportive 2 places', 210725, 'Mac Laren'),
('MCLAREN COUPE 570GT', 'sportive 2 places', 196950, 'Mac Laren'),
('MCLAREN COUPE 570S', 'sportive 2 places', 183250, 'Mac Laren'),
('MEGANE ESTATE', 'berline 5 portes 5 places', 19900, 'Renault'),
('MICRA', 'citadine 5 places', 10750, 'Nissan'),
('MII', 'citadine 4 places', 9640, 'Seat'),
('MITO', 'citadine 4 places', 15490, 'alfa romeo'),
('MUSTANG CONVERTIBLE', 'sportive  2 places', 43900, 'ford'),
('MX-5 ROADSTER COUPE', 'cabriolet 2 places', 28000, 'masda'),
('NSIGNIA GRAND SPORT', 'berline 5 portes 5 places', 27450, 'opel'),
('NX', 'SUV 4 places', 41690, 'lexus'),
('OPTIMA', 'citadine 5 places', 32900, 'Kia'),
('OUTBACK', 'berline 5 porte 5 places', 38900, 'Subaru'),
('PAJERO LONG', 'SUV 7 places', 44400, 'Mitsubishi'),
('PANAMERA', 'berline 5 portes 4 places', 91727, 'Porsche'),
('PANDA', 'citadine 3 places', 9600, 'fiat'),
('PHANTOM CONVERTIBLE', 'berline 2 portes 4 places', 457800, 'Rolls-Royce'),
('PICANTO', 'citadine 5 places', 10900, 'Kia'),
('PORTOFINO', 'cabriolet 2 places', 193410, 'ferrari'),
('PRIORA', 'berline 5 portes 5 places', 11499, 'lada'),
('PULSAR', 'berline 5 portes 5 places', 18990, 'Nissan'),
('QUATTROPORTE', 'berline 4 portes 5 places', 98450, 'maserati'),
('R8 SPYDER', 'sportive  2 places', 158200, 'audi'),
('RAPIDE', 'sportive  4 places ', 195560, 'aston martin'),
('RIO', 'citadine 5 places', 13940, 'Kia'),
('RX', 'SUV 5 places', 65200, 'lexus'),
('S4', 'berline 4 portes 5 places', 70500, 'audi'),
('SANDERO', 'citadine 5 places', 7900, 'dacia'),
('SERIE 3', 'berline 4 portes 5 places', 34300, 'bmw'),
('SERIE 5', 'berline 4 portes 5 places', 47500, 'bmw'),
('SPACE STAR', 'citadine 5 places', 10990, 'Mitsubishi'),
('SPACETOURER', 'monospace 4 places', 36000, 'citroen'),
('STELVIO', 'SUV 5 places', 40700, 'alfa romeo'),
('TALISMAN', 'berline 4 portes 5 places', 28700, 'Renault'),
('TIPO', 'berline 4 portes 5 places', 12450, 'fiat'),
('TIVOLI', 'SUV 5 places', 17740, 'Ssangyong'),
('TRAVELLER', 'monospace 5 places', 37350, 'Peugeot'),
('TUCSON', 'SUV 5 places', 26150, 'hyundai'),
('TWINGO', 'citadine 4 places', 11400, 'Renault'),
('TWIZY', 'citadine 2 places', 7200, 'Renault'),
('URUS', 'SUV 5 places', 205715, 'lamborghini'),
('VANTAGE', 'sportive  2 places', 155994, 'aston martin'),
('X-TRAIL', 'SUV 5 places', 25130, 'Nissan'),
('X3', 'SUV 5 places', 41900, 'bmw'),
('XC90', 'SUV 5 places', 63000, 'Volvo'),
('XJ', 'berline 4 portes 5 places', 83100, 'jaguar'),
('ZAFIRA', 'monospace 7 places', 32450, 'opel');

-- --------------------------------------------------------

--
-- Structure de la table `optionmodele`
--

DROP TABLE IF EXISTS `optionmodele`;
CREATE TABLE IF NOT EXISTS `optionmodele` (
  `Opt_Ref` varchar(8) CHARACTER SET utf8 NOT NULL,
  `Opt_designation` varchar(100) CHARACTER SET utf8 NOT NULL,
  PRIMARY KEY (`Opt_Ref`)
) ENGINE=InnoDB DEFAULT CHARSET=latin1;

--
-- Déchargement des données de la table `optionmodele`
--

INSERT INTO `optionmodele` (`Opt_Ref`, `Opt_designation`) VALUES
('acc_cen', 'Accoudoir central AR'),
('ago_air', 'Pack Agility AIRMATIC'),
('aid_sta_', 'Aide au stationnement AV + caméra de recul VisioPark 1 sur écran tactile 7\"'),
('ail_mso', 'Aileron en Carbone MSO Defined'),
('air_cond', 'Air conditionné avec filtre anti-pollen'),
('ala_cei', 'Alarme oubli de ceinture de sécurité pour 5 sièges'),
('ant_gps', 'Antenne GPS'),
('ant_Rad', 'antenne radio cachée'),
('app_car', 'Apple CarPlay'),
('arc_rou', 'Arche de carrosserie rouge'),
('aud_blu', 'Système audio Bluetooth'),
('ave_pie', 'Avertisseur Sonore Piéton'),
('ban_asy', 'Bande sur la carrosserie: Bande asymétrique'),
('blu_eff', 'BlueEfficiency'),
('bois_san', 'Boiserie marqueté type Santos Palissandre'),
('boi_6vi', 'boîte mécanique 6 rapports'),
('boi_mah', 'Boiserie type Mahogany'),
('bou_alu_', 'Bouchon de réservoir en AluDesign'),
('cam_pan', 'Caméras panoramiques'),
('cap_bei', 'Capote Beige'),
('cap_gri', 'Capote Grise'),
('cap_mok_', 'Capote à isolation acoustique 3 couches Brun Mokka'),
('cap_rou', 'Capote Rouge'),
('car_bord', 'Carnet de bord électronique'),
('car_Qex', 'Couleur carrosserie - Q Exclusive'),
('car_Qsp', 'Couleur carrosserie - Q Spéciale'),
('cei_rou', 'Ceintures de sécurité couleur Rouge'),
('cel_trid', 'Cellule de sécurité tridion noir'),
('cend_voi', 'Cendrier'),
('cha_cd', 'Chargeur 6 CD (dans le coffre)'),
('cha_ind', 'Chargeur de smartphones par induction (recharge sans fil des mobiles aux normes Qi ou PMA).'),
('cha_lit', 'Chargeur de batterie lithium'),
('cha_tel', 'Chauffage autonome avec télécommande'),
('cha_vol', 'Chauffage du volant'),
('cle_cuir', 'Clé de véhicule peinte avec étui de clé Cuir'),
('cle_voi', 'Clé pour voiturier'),
('cli_aut', 'Climatisation automatique'),
('cli_man', 'Climatisation manuelle'),
('col_ele', 'Colonne de direction électrique'),
('col_feu', 'Capteur de collision activant les feux de détresse'),
('con_ipo', 'Connexion Ipod'),
('coq_chr', 'Coques de rétroviseurs extérieurs Chrome Satiné'),
('cout_con', 'Coutures contrastées'),
('cpt_tr_r', 'Fonds de compte-tours Rouge'),
('cro_att', 'Crochet attelage'),
('cuir_bes', 'Couleur Bespoke pour cuir principal ou Contrast'),
('cui_noi', 'Garniture cuir noir'),
('dem_cot', 'Aide au démarrage en côte'),
('det_ang_', 'Détecteur angle mort'),
('dif_car', 'Diffuseur Carbone'),
('div_ar', 'Module de divertissement pour places AR'),
('ech_chr', 'Sorties échappement chromées brillantts'),
('ecr_pas', 'Ecran côté passager'),
('ecu_AV', 'Ecussons Scuderia sur ailes AV'),
('ecu_por', 'Ecusson Porsche sur appuis-tête'),
('equ_tel', 'Prééquipement pour téléphone portable'),
('ess_ar', 'Essuie-glace AR'),
('eti_or', 'Etriers de freins de couleur Or'),
('etr_jaun', 'Etriers de freins de couleur Jaune'),
('ext_feu', 'Extincteur'),
('feu_tra', 'Feux AR transparent'),
('fon_tv', 'Fonction TV'),
('gic_pei', 'Gicleurs de lave-phares peints'),
('har_top', 'Hard top'),
('hif_pre', 'Système HIFI Premium'),
('hi_fi', 'Système audio Hi-fi'),
('hot_fi', 'Hotspot Wi-Fi'),
('hum_cig', 'Humidificateur à cigares dans la boîte à gants'),
('ins_911', 'Inscription \"911\"'),
('io_air', 'Ionisation air'),
('jup_laq_', 'Inserts de la jupe AV en laque Noire'),
('kit_soi', 'kit premier soins'),
('lec_cd', 'Lecteur CD additionnel'),
('mas_av', 'Fonction massage AV'),
('mas_av_v', 'Fonction massage avec ventillation AV'),
('mic_off', 'Microsoft Office 365 (3 ans)'),
('mir_cou', 'Miroir de courtoisie éclairé'),
('moir_ar', 'Miroirs de surveillance des sièges AR'),
('mon_arg', 'Monogramme sur les portes peint en Argent'),
('moq_vel', 'Moquette en velours'),
('mot_car', 'Kit moteur Carrera S: permet de porter la puissance moteur à 450ch (331kW)'),
('nig_amg', 'Pack Night AMG'),
('ouv_cof', 'Ouverture du coffre mains libres'),
('par_bri_', 'Pare-brise chauffant'),
('par_voit', 'Parapluie'),
('ped_alu', 'Pédalier en aluminium'),
('ped_spo', 'Pédalier Sport en alliage perforé'),
('pein_met', 'Peinture métallisée'),
('pein_mon', 'Peinture métallisée Rouge Monza'),
('pein_san', 'Peinture micalisée Gris Santracite'),
('pein_ves', 'Peinture métallisée Gris Vesuvio'),
('pein_vul', 'Peinture métallisée Noir Vulcano'),
('pei_arg_', 'Peinture Argent iridium magno designo'),
('pei_bia', 'Peinture Bianco Birdcage'),
('pei_bleu', 'peinture bleu'),
('pei_ble_', 'Peinture Blu Astraeus Metallic'),
('pei_chro', 'Peinture Grigio Nimbus Metallic'),
('pei_mic', 'Peinture mica'),
('pei_ner_', 'Peinture Nero Noctis'),
('pei_ros_', 'Peinture Rosso Mars Metallic'),
('pei_rou_', 'Peinture Rouge Flamme'),
('pei_sel_', 'Peinture Designo Gris Sélénite Magno'),
('pei_sig', 'Peinture Signature'),
('pei_spe', 'Peinture spéciale'),
('per_inc_', 'Inscrustation personnalisée dans la boiserie face au passager'),
('pha_led_', 'Phares bi-xénon avec feux diurnes à LED et éclairage intersection'),
('pla_avo', 'Omission porte-plaque AV'),
('pla_per', 'plaque personnalisée'),
('poi_fib', 'Poignées de portes en Fibre de carbone'),
('pom_cui', 'Pommeau de levier de vitesse en cuir perforé'),
('por_clo', 'Portes soft close'),
('por_ent', 'Porsche Entry & Drive'),
('por_hab', 'Porte habits'),
('por_log_', 'Rebords de porte carbone avec logo McLaren'),
('pre_cro_', 'Préparation pour crochet attelage'),
('rad_tel_', 'Radio Swing + système téléphone mobile Bluetooth'),
('ref_cof_', 'Compartiment réfrigiré et verres dans le coffre'),
('rep_alu', 'Repose-pieds en aluminium'),
('rep_sat', 'Système de repérage par satelitte'),
('res_35', 'Réservoir de carburant 35 litres'),
('ret_ext_', 'Rétroviseurs extérieurs électriques dégivrants'),
('sel_cui', 'Sellerie cuir'),
('sel_rouo', 'Sellerie Sport cuir rouge'),
('ser_plu', 'Servotronic Plus'),
('seu_ecl', 'Baguettes de seuil éclairées'),
('sie_av_h', 'Sièges AV réglables en hauteur'),
('sie_cha', 'Sièges AV chauffants'),
('sie_cha_', 'Chauffage des sièges AR'),
('sie_ele', 'Sièges électriques'),
('sie_spo', 'Sièges baquets Sport'),
('sie_vent', 'Sièges AV ventilés'),
('sie_ver', 'Sellerie verte sièges AV et AR'),
('sou_the', 'pack sound theatre'),
('spo_pei', 'Spoiler AV peint'),
('sur_sys', 'Burmester High-End Surround Sound System'),
('sus_ada', 'Suspension avec amortissement adaptatif'),
('sus_spo', 'suspension sport'),
('sus_spor', 'Suspension Sport'),
('sys_lev', 'Système de levage'),
('tap_agn', 'Tapis épais en laine agneau'),
('tap_sol_', 'Tapis de sol Sport'),
('tel_AV', 'Combiné téléphone à AV'),
('toi_occ_', 'Toits vitrés occultables séparément avec éclairage ambiance'),
('toi_Ouv', 'toit ouvrant electrique'),
('toi_pal_', 'Toit en Palladium foncé'),
('toi_pan', 'Toit panoramique électrique'),
('tri_cee', 'Triangle CEE'),
('tur', 'turbo'),
('vid_poc', 'Vide poches'),
('vit_comp', 'vitre de compétition'),
('vit_pot_', 'Vitres électriques portes coulissantes'),
('vit_tein', 'Vitres AR surteintées'),
('vol_3br', 'Volant 3 branches cuir et bois'),
('vol_cout', 'Volant avec coutures contrastées'),
('vol_lev_', 'Volant en bois et en cuir noir, levier de vitesses en cuir noir');

-- --------------------------------------------------------

--
-- Structure de la table `vendeur`
--

DROP TABLE IF EXISTS `vendeur`;
CREATE TABLE IF NOT EXISTS `vendeur` (
  `Ven_num` int(10) NOT NULL,
  `Ven_nom` varchar(50) NOT NULL,
  `Ven_prenom` varchar(50) NOT NULL,
  `Ven_date_naissance` date NOT NULL,
  `Ven_telephone` varchar(15) NOT NULL,
  `Ven_mail` varchar(60) NOT NULL,
  `Ven_adresse` varchar(100) NOT NULL,
  `Ven_code_postal` varchar(7) NOT NULL,
  `Ven_ville` varchar(50) NOT NULL,
  `Ven_embauche` date NOT NULL,
  `Ven_salaire_mensuel` int(10) NOT NULL,
  `Ven_commission` int(10) NOT NULL,
  `Fil_num` int(10) NOT NULL,
  PRIMARY KEY (`Ven_num`),
  KEY `Fil_num` (`Fil_num`)
) ENGINE=InnoDB DEFAULT CHARSET=latin1;

--
-- Déchargement des données de la table `vendeur`
--

INSERT INTO `vendeur` (`Ven_num`, `Ven_nom`, `Ven_prenom`, `Ven_date_naissance`, `Ven_telephone`, `Ven_mail`, `Ven_adresse`, `Ven_code_postal`, `Ven_ville`, `Ven_embauche`, `Ven_salaire_mensuel`, `Ven_commission`, `Fil_num`) VALUES
(1, 'BLANCSEC', 'Adèle', '1960-06-08', '06 15 21 53 51 ', 'bsadele@free.fr', '12 rue des alouettes ', '37000', 'Tours', '1981-01-16', 1600, 5, 1),
(2, 'JOURDAN', 'Gil', '1978-05-02', '06 54 89 75 69 ', 'jourdanG@free.fr', '25 rue des mouettes ', '37000', 'Tours', '2008-09-23', 1460, 4, 1),
(3, 'BLUEBERRY', 'Mike steve', '1966-04-05', '06 45 25 18 45 ', 'blueberMike@free.fr', '15 bv des Anglais ', '27620', 'GIVERNY', '1999-07-27', 1550, 4, 8),
(4, 'BRADEFER', 'Luc', '1965-12-01', '06 12 13 10 15 ', 'bradLuce@free.fr', '12 impasse des Lilas ', '27600', 'ST JULIEN DE LA LIEGUE', '1988-07-30', 2220, 4, 8),
(5, 'BLANDY', 'Jessica', '1975-10-25', '06 52 54 89 78 ', 'blanJess@free.fr', '65 rue des Chênes ', '84380', 'MAZAN', '1997-10-04', 1510, 2, 5),
(6, 'BRISEFER', 'Benoit', '1964-12-25', '06 45 54 48 44 ', 'benoitBri37@free.fr', '59 allée des Marronnier ', '06200', 'NICE', '1997-04-25', 1690, 5, 5),
(7, 'BERLINGOT', 'Suzette', '1978-08-04', '06 85 41 23 58 ', 'suzette3756@free.fr', '3 impasse des Jonquilles ', '37000', 'Tours', '2008-04-09', 1550, 2, 1),
(8, 'BRIOCHE', 'Eusèbe zéphyrin', '1958-11-15', '06 32 15 25 45 ', 'eusèbeZeph@free.fr', '8 impasse des Tulipes ', '21304', 'GRANCEY LE CHATEAU NEUVELLE', '1988-09-08', 2090, 5, 9),
(10, 'DANNY', 'Buck', '1985-12-12', '06 12 19 85 12 ', 'buckbuck37@free.fr', '3 r Commerce ', '37000', 'Tours', '2006-10-23', 1750, 4, 1),
(11, 'LAMORDACHE', 'Max', '1985-10-28', '06 12 15 12 15 ', 'maxouLamo@free.fr', '1 r Philippe de Commines ', '37510', 'Chinon', '2011-01-24', 1590, 5, 1),
(13, 'TALON', 'Achille', '1960-02-09', '06 58 96 21 46 ', 'talon346@free.fr', '8 allée Jules Ferry ', '37000', 'Tours', '1994-10-22', 1880, 3, 1),
(14, 'LAGAFFE', 'Gaston', '1970-10-12', '06 58 95 68 47 ', 'gaston98@free.fr', '9 rue des Ancres ', '37530', 'Pocé sur Cisse', '2003-06-11', 2100, 2, 1),
(15, 'LACRYMO ', 'Eugène ', '1970-06-08', '06 15 65 45 85 ', 'furymax@free.fr', '42 allée Voltaire ', '27620', 'GIVERNY', '1991-04-03', 2370, 6, 8),
(16, 'DELTOIDE', 'Martial', '1974-05-06', '06 35 98 74 56 ', 'deltoidemar@free.fr', '2 rue des Marronniers ', '84860', 'CADEROUSSE', '1997-03-16', 1570, 5, 5),
(17, 'HOCHET', 'Rick', '1975-12-26', '06 45 98 56 23 ', 'rick37@free.fr', '3 impasse des Lilas ', '27600', 'FONTAINE BELLENGER', '1997-04-27', 1750, 5, 8),
(20, 'LANDOUYE ', 'Basile ', '1975-04-15', '06 54 32 62 51 ', 'basileLa37@free.fr', '8 rue Albert Camus ', '30178', 'MONTFAUCON', '1997-06-08', 2210, 2, 9),
(21, 'KRAMPON', 'Eugène ', '1981-12-20', '06 12 11 12 11 ', 'krampon689@free.fr', '56 allée Jules Vernes ', '37300', 'Joué les Tours', '2003-09-11', 1570, 2, 1),
(23, 'GOREIRO', 'Manuel ', '1975-06-15', '06 95 87 45 95 ', 'manuh69@free.fr', '2 allée de la fontaine ', '50260', 'BRICQUEBEC EN COTENTIN', '2004-05-27', 2380, 1, 2),
(24, 'DUPILON', 'Célestin', '1962-09-27', '06 56 98 74 58 ', 'dupilo.cle@free.fr', '9 rue des Fripouilles ', '60540', 'BELLE EGLISE', '1992-09-23', 1490, 3, 7),
(25, 'FUTU', 'Cyprien', '1980-04-29', '06 32 15 45 84 ', 'futu-cyprien@free.fr', '5 rue Arsène Lupin ', '50240', 'ST JAMES', '2011-06-12', 2310, 5, 2),
(27, 'COTTINE', 'Giovanni', '1964-08-26', '06 32 12 35 45 ', 'cottine37@free.fr', '99 bvd Pierre Perret ', '37176', 'Chambray lès Tours', '1996-05-01', 1690, 5, 1),
(28, 'DE MESMAEKER', 'Aimé', '1964-12-04', '06 32 62 35 68 ', 'demesaime@free.fr', '4 rue Picasso ', '37000', 'Tours', '1990-12-22', 1710, 6, 1),
(29, 'CHIFFRE', 'Claudia', '1980-06-25', '06 32 58 74 15 ', 'claudiaC3756@free.fr', '6 bvd Jean Monnet ', '37300', 'Joué les Tours', '2012-10-13', 2110, 2, 1),
(31, 'PONCHELOT', 'Nicolas', '1966-05-12', '06 35 26 98 54 ', 'NicoPonch@free.fr', '8 rue nationale ', '78980', 'LE TERTRE ST DENIS', '1997-05-14', 1710, 6, 8),
(32, 'PADDLE', 'Kid', '1966-04-09', '06 12 15 45 78 ', 'kidpad39@free.fr', '9 allée Jules Petit ', '21042', 'BAGNOT', '1999-08-01', 1560, 3, 9),
(33, 'CHOUKROUNE', 'Alphonse', '1972-04-16', '06 53 22 99 87 ', 'alphChou@free.fr', '65 rue Jean Jaurès ', '78980', 'ST ILLIERS LE BOIS', '1995-03-22', 1870, 4, 8),
(34, 'MAURANE', 'Bob', '1980-02-28', '06 56 95 87 97 ', 'boby87bob@free.fr', '5 rue Albert Einstein ', '78980', 'BREVAL', '2007-04-22', 2130, 2, 8),
(37, 'TOUGOURE', 'Tuté', '1974-12-25', '06 96 25 85 14 ', 'tutu89@free.fr', '9 rue Franquin ', '37430', 'Pocé sur Cisse', '2006-08-27', 1780, 3, 1),
(38, 'PALMER', 'Jack', '1979-12-29', '06 56 98 74 58 ', 'jackjack@free.fr', '57 bvd Dupuis ', '28120', 'OLLE', '2002-12-13', 2350, 5, 8),
(40, 'BECQUET ', 'Horace ', '1984-02-25', '06 48 95 45 87 ', 'horace99@free.fr', '9 impasse Palissy ', '28120', 'EPEAUTROLLES', '2005-09-05', 1910, 3, 8),
(41, 'DE BONATE', 'Bricard', '1965-03-24', '06 33 26 54 78 ', 'bricardBonate@free.fr', '3 rue Jules Renard ', '28120', 'ST AVIT LES GUESPIERES', '1996-01-31', 1600, 2, 8),
(42, 'CALOT ', 'Léontine', '1961-11-05', '06 35 21 69 84 ', 'LeonClaot@free.fr', '9 allée Fran?oise Sagan ', '28120', 'BAILLEAU LE PIN', '1998-06-17', 2340, 5, 8),
(43, 'LAMPION', 'Séraphin', '1966-11-09', '06 35 68 94 62 ', 'Seraphin369@free.fr', '12 rue des Violettes bleues ', '37176', 'Chambray lès Tours', '1995-05-10', 2110, 5, 1),
(44, 'CORTIZONE', 'Vito', '1963-04-29', '06 33 26 48 95 ', 'vitoladeveine@free.fr', '24 rue des la Fontaine ', '50230', 'AGON COUTAINVILLE', '1995-07-24', 1890, 2, 2),
(50, 'DELASTRE', 'Caroline', '1962-05-16', '06 33 56 98 48 ', 'carolineDelastreh@free.fr', '9 bvd Eustache ', '37400', 'Amboise', '1990-05-11', 2310, 2, 1),
(51, 'TOUPOIL', 'Gustave', '1981-04-19', '06 32 69 85 67 ', 'gusGusToupoil@free.fr', '6 rue Francis Perrin ', '30172', 'MONOBLET', '2003-06-24', 1430, 5, 9),
(52, 'PINCON', 'Hortense', '1964-09-26', '06 22 99 85 64 ', 'Hortense37Pincon@free.fr', '15 allée Pilain ', '37000', 'Tours', '1986-10-12', 2380, 5, 1),
(53, 'HELENA', 'John', '1969-07-14', '06 59 87 46 52 ', 'JohnJohn358@free.fr', '21 rue Edouard Vaillant ', '14610', 'COLOMBY ANGUERNY', '2000-11-20', 1890, 2, 7),
(54, 'CAN', 'Jerry', '1982-05-14', '06 32 54 87 95 ', 'JeeryetTom@free.fr', '46 bvddes Belges ', '67230', 'HERBSHEIM', '2006-03-05', 2240, 3, 6),
(55, 'NASTIC', 'Jim', '1978-09-15', '06 52 41 63 96 ', 'JimTheBest@free.fr', '5 allée des Marshmalow ', '37000', 'Tours', '2008-07-13', 2030, 3, 1),
(56, 'STAHL', 'Kassandra', '1964-12-09', '06 12 54 87 96 ', 'KassanStahl@free.fr', '56 bvd Descartes ', '37400', 'Amboise', '1995-01-31', 1910, 2, 1),
(58, 'VOLENE', 'Marcelle', '1960-03-30', '06 32 65 98 74 ', 'MarcelLaBelle@free.fr', 'rue Georges Sand ', '91820', 'BOUTIGNY SUR ESSONNE', '1988-07-27', 2390, 6, 8),
(60, 'LEJET', 'Octave', '1970-06-08', '06 32 95 84 75 ', 'OctovaeLejet@free.fr', '8 rue des Américains ', '91830', 'AUVERNAUX', '2004-05-31', 1410, 6, 8),
(61, 'HADDOCK', 'Archibald', '1967-07-08', '06 52 65 56 32 ', 'ArchibaldestDeRetour@free.fr', '8 impasse des Violettes ', '68220', 'LIEBENSWILLER', '2006-04-17', 2070, 6, 6),
(65, 'BLAKE ', 'Francis', '1958-07-09', '06 35 21 48 79 ', 'Francis37blake@free.fr', '8 impasse des Tulipes ', '14600', 'FOURNEVILLE', '1980-05-23', 1700, 1, 7),
(71, 'DE CHAMPIGNAC', 'Pacôme hégésippe', '1961-01-01', '06 36 62 35 15 ', 'pacomeHegesippe@free.fr', '16 r Bernard Palissy ', '67250', 'SOULTZ SOUS FORETS', '2000-02-07', 2330, 2, 6),
(72, 'MOLLET', 'Valentine', '1962-02-09', '06 35 75 95 15 ', 'mollet.valentine@free.fr', '52 rue de la Joconde ', '37300', 'Joué les Tours', '1986-08-29', 1540, 2, 1),
(73, 'DUPUIS', 'Antoine', '1999-06-08', '06 15 21 53 51 ', 'toto6861@free.fr', '12 rue des Saules Pleureurs ', '68610', 'LINTHAL', '2004-02-21', 1510, 3, 6),
(74, 'DUPOND', 'Quentin', '1999-05-02', '06 54 89 75 69 ', 'dupondQ@free.fr', '25 rue des Marsouins ', '57170', 'MORVILLE LES VIC', '2004-05-06', 1490, 5, 6),
(75, 'BERNARDEAU', 'Matthieu', '2000-04-05', '06 45 25 18 45 ', 'mathBer@free.fr', '18 bv des Bleuets ', '24340', 'MONSEC', '2011-12-19', 1420, 2, 4),
(76, 'MOREAU', 'Luc', '1999-12-01', '06 12 13 10 15 ', 'moreauLuc44@free.fr', '12 impasse des Lilas ', '40120', 'POUYDESSEAUX', '2010-01-14', 2180, 6, 4),
(77, 'BAUDOIN', 'Clément', '2000-10-25', '06 52 54 89 78 ', 'baudouin3756@free.fr', '65 rue des Lilas ', '06450', 'BELVEDERE', '2011-11-23', 1600, 6, 5),
(78, 'MORINO', 'Benoit', '2000-12-25', '06 45 54 48 44 ', 'benoit99Morino@free.fr', '59 rue des Marronnier ', '04500', 'MONTAGNAC MONTPEZAT', '2010-01-18', 2090, 4, 5),
(79, 'RENAUD', 'Lucie', '1999-08-04', '06 85 41 23 58 ', 'lucie.Renaud00@free.fr', '3 impasse des Jonquilles ', '17700', 'SURGERES', '2010-08-28', 2130, 4, 4),
(80, 'PROUTAU', 'Louise', '1998-11-15', '06 32 15 25 45 ', 'Louise.prouteau25@free.fr', '8 impasse des Tulipes ', '40250', 'ST AUBIN', '2009-11-22', 2330, 5, 4),
(81, 'PANNIER', 'Julie', '2001-05-15', '06 32 59 64 87 ', 'pannierJulier369@free.fr', '1 allée Horizon Rouge ', '37300', 'Joué Les Tours', '2012-05-16', 2100, 1, 1),
(82, 'DELBARD', 'Nathan', '2001-12-12', '06 12 20 01 12 ', 'natnat987@free.fr', '3 allée des frênes ', '37000', 'Tours', '2012-05-29', 2160, 2, 1),
(83, 'LALOU', 'Titouan', '2001-10-28', '06 12 15 12 15 ', 'titi3965@free.fr', '1 r Philippe de Levallois ', '37500', 'Chinon', '2012-10-10', 2030, 4, 1),
(84, 'PERROUD', 'Thibaut', '2000-06-23', '06 15 48 75 95 ', 'thibaut987@free.fr', '18 r Joseph Curie ', '54470', 'GROSROUVRES', '2011-05-10', 1550, 3, 6),
(85, 'BRUAND', 'Lucas', '1999-02-09', '06 58 96 21 46 ', 'BruandLucas378@free.fr', '8 rue Jules Renard ', '06230', 'ST JEAN CAP FERRAT', '2010-07-11', 1640, 2, 5),
(86, 'LACMAN', 'Thomas', '2001-10-12', '06 58 95 68 47 ', 'Lamcan32587@free.fr', '9 rue des Villages bretons ', '47140', 'MASSOULES', '2013-06-08', 1430, 5, 4),
(87, 'MAMY ', 'Héliot ', '2001-06-08', '06 15 65 45 85 ', 'dragon468@free.fr', '42 rue Voltaire ', '57230', 'LIEDERSCHIEDT', '2012-02-03', 2040, 4, 6),
(88, 'MAQUET', 'Rémi', '2002-05-06', '06 35 98 74 56 ', 'sanfamille96@free.fr', '2 rue des Chênes ', '04700', 'PUIMICHEL', '2014-06-30', 1770, 3, 5),
(89, 'VERDI', 'Julien', '2000-12-26', '06 45 98 56 23 ', 'Verdi.Julien36@free.fr', '3 impasse des Abesses ', '06750', 'VALDEROURE', '2011-08-30', 1620, 2, 5),
(90, 'WIARD ', 'Fabien ', '2000-04-15', '06 54 32 62 51 ', 'wiard-juju@free.fr', '8 rue Albert Camus ', '17670', 'LA COUARDE SUR MER', '2011-06-22', 1950, 5, 4),
(91, 'VERDIER', 'Frederic ', '1998-12-20', '06 12 11 12 11 ', 'furax99@free.fr', '56 rue Jules Ferry ', '49310', 'LYS HAUT LAYON', '2010-03-17', 2360, 5, 1),
(92, 'VERDIN ', 'Stéfan ', '1999-08-25', '06 45 54 88 99 ', 'stefthbest98@free.fr', '8 bis rue Edmond Rostand ', '27310', 'BOUQUETOT', '2010-12-01', 1790, 1, 8),
(93, 'LOUAYER', 'Simon ', '2000-06-15', '06 95 87 45 95 ', 'simonLouayer@free.fr', '2 rue de la fontaine ', '40330', 'BRASSEMPOUY', '2011-07-31', 1820, 1, 4),
(94, 'VASET', 'Rémi', '1998-09-27', '06 56 98 74 58 ', 'vaset.Remi@free.fr', '9 rue des Alouettes ', '04600', 'MONTFORT', '2009-06-02', 1600, 2, 5),
(95, 'VALE', 'Cyprien', '1999-04-29', '06 32 15 45 84 ', 'Vale37Cyprien98@free.fr', '5 rue Arsène Lupin ', '24360', 'BUSSEROLLES', '2009-09-21', 2110, 2, 4),
(96, 'MAHEAUT', 'Léo', '2000-08-26', '06 32 12 35 45 ', 'LeoBipBip@free.fr', '99 impasse Pierre De La Fontaine ', '49150', 'BAUGE EN ANJOU', '2011-02-06', 2310, 5, 1),
(97, 'PARMENTIER', 'Lilou', '2000-12-04', '06 32 62 35 68 ', 'LilouPar34@free.fr', '4 rue Picasso ', '33121', 'CARCANS', '2011-01-22', 1670, 4, 4),
(98, 'MAGNIER', 'Maxence', '1999-06-25', '06 32 58 74 15 ', 'MaxMagnier@free.fr', '6 impasse Jean Marais ', '33190', 'BOURDELLES', '2009-06-23', 1580, 3, 4),
(99, 'HERVE', 'Léa', '2000-05-12', '06 35 26 98 54 ', 'HerveLeaLeon@free.fr', '8 rue des Pensées ', '33220', 'ST AVIT ST NAZAIRE', '2011-06-30', 2330, 4, 4),
(100, 'COL', 'Charlotte', '2000-04-09', '06 12 15 45 78 ', 'Chacha37@free.fr', '9 rue Jules et Jim ', '33350', 'BOSSUGAN', '2011-09-21', 1440, 2, 4),
(101, 'SUIRE', 'Lucas', '1999-04-16', '06 53 22 99 87 ', 'Suire.lucas@free.fr', '65 rue Jean Jaurès ', '33410', 'GABARNAC', '2010-09-02', 1420, 5, 4),
(102, 'RAVAILLEAU', 'Célia', '1999-02-28', '06 56 95 87 97 ', 'Celia.ravailleau@free.fr', '5 rue Albert de Monaco ', '47140', 'TRENTELS', '2010-03-23', 1860, 1, 4),
(103, 'GRANGE', 'Paul', '2002-12-25', '06 96 25 85 14 ', 'Paul.Grange@free.fr', '9 rue Franquin ', '47170', 'ANDIRAN', '2014-11-24', 1840, 5, 4),
(104, 'LEROY', 'Marie', '1999-12-29', '06 56 98 74 58 ', 'Marie698Leroy@free.fr', '57 impasse Dupuis ', '47240', 'BON ENCONTRE', '2010-11-07', 1490, 5, 4),
(105, 'BABIN ', 'Baptiste ', '1999-02-25', '06 48 95 45 87 ', 'BabainTitou@free.fr', '9 impasse Dubreuil ', '47350', 'CAMBES', '2011-03-08', 1830, 4, 4),
(107, 'BONDY', 'Amélie', '1985-06-09', '06 71 75 33 49 ', 'amélie.bondy@free.fr', '78 rue Parquet ', '47800', 'AGNAC', '2010-03-07', 2180, 2, 4),
(108, 'BOUCLET', 'Paul', '1965-12-11', '06 21 80 71 16 ', 'bouclet-paul@orange.fr', '52 rue Poterie ', '81340', 'ST CIRGUE', '1989-09-23', 1940, 5, 3),
(109, 'BOUTIN', 'Olivier', '1975-06-17', '06 62 69 58 41 ', 'boutin802@numericable.fr', '80 chemin Joli ', '81440', 'LAUTREC', '2014-07-27', 2160, 3, 3),
(110, 'BONNO', 'Corinne', '1990-02-02', '06 51 95 15 51 ', 'blodem37@hotmail.com', '135 place Barbier ', '81570', 'FREJEVILLE', '2013-02-07', 1420, 5, 3),
(111, 'BLONDEAU', 'Alain', '1968-04-04', '06 77 87 55 95 ', 'alain.blondeau@free.fr', '99 rue René Cassin ', '81580', 'SOUAL', '2000-02-01', 2130, 5, 3),
(112, 'DEMOUSSY', 'Dominique', '1967-01-25', '06 52 36 23 99 ', 'denedem2@free.fr', '129 impasse nationale ', '66210', 'REAL', '1990-07-23', 1940, 2, 3),
(113, 'DENEUX', 'Joelle', '1978-02-16', '06 90 61 61 10 ', 'joelle.deneux@free.fr', '2 place Naudières ', '66250', 'ST LAURENT DE LA SALANQUE', '2000-12-19', 2340, 3, 3),
(114, 'GILOT', 'Robert', '1973-10-30', '06 53 70 67 40 ', 'gilot-robert@orange.fr', '123 bvd Grands Champs ', '66300', 'THUIR', '1996-06-07', 1610, 5, 3),
(115, 'GIBEAUD', 'David', '1972-05-01', '06 26 69 99 94 ', 'gibeaud1489@numericable.fr', '14 chemin Cange ', '66320', 'GLORIANES', '2008-10-31', 1860, 1, 3),
(116, 'FROGER', 'Nathalie', '1974-04-25', '06 26 07 88 65 ', 'cosbey47@hotmail.com', '53 route La Tour ', '66420', 'LE BARCARES', '2004-11-11', 2300, 3, 3),
(117, 'COSTA', 'Diane', '1987-11-10', '06 16 18 33 38 ', 'diane.costa@free.fr', '7 bvd Belles Maisons ', '66500', 'CONAT', '2008-08-16', 1540, 6, 3),
(118, 'BEYNAT', 'Théo', '1969-10-28', '06 28 36 94 81 ', 'chaubey89@free.fr', '57 chemin Villandry ', '66820', 'FUILLA', '1998-12-22', 2350, 4, 3),
(119, 'CHAUVIGNE', 'Laurence', '1974-04-08', '06 17 51 60 78 ', 'laurence.chauvigne@free.fr', '89 route la Tréchandière ', '31160', 'MILHAS', '1999-07-06', 1580, 2, 3),
(120, 'GUESSON', 'Guy', '1961-08-23', '06 58 61 52 27 ', 'guesson-guy@orange.fr', '104 rue du Château d\'eau ', '31180', 'CASTELMAUROU', '1989-10-19', 1570, 3, 3),
(121, 'FOUCAULT', 'Pierre', '1988-03-01', '06 84 31 96 61 ', 'foucault104101@numericable.fr', '104 impasse de Chinon ', '31220', 'CAZERES', '2011-04-10', 2190, 5, 3),
(122, 'ESTRADE', 'Georges', '1969-07-24', '06 78 31 92 02 ', 'durdou37@hotmail.com', '95 place du Ruisseau ', '31230', 'AGASSAC', '2003-03-20', 2230, 2, 3),
(123, 'DURAND', 'Fran?oise', '1974-05-23', '06 41 96 63 94 ', 'fran?oise.durand@free.fr', '11 bvd Villeneuve ', '31230', 'ST LAURENT', '2012-01-06', 1690, 2, 3),
(124, 'DOUCET', 'Christiane', '1972-02-26', '06 45 19 53 41 ', 'bodidou101@free.fr', '60 chemin du Haut Belay ', '11100', 'NARBONNE', '2011-12-12', 1680, 3, 3),
(125, 'BODIN', 'Caroline', '1980-11-26', '06 63 22 34 13 ', 'caroline.bodin@free.fr', '101 rue Aristide Briand ', '11100', 'MONTREDON DES CORBIERES', '2007-04-21', 1560, 6, 3),
(126, 'BOIRON', 'Jacques', '1979-10-16', '06 24 65 61 06 ', 'boiron-jacques@orange.fr', '73 route du Plat d\'Etain ', '11140', 'AXAT', '2005-01-05', 2050, 2, 3),
(127, 'BOISTARD', 'Béatrice', '1979-12-27', '06 70 67 27 30 ', 'boistard59109@numericable.fr', '59 impasse Sabine de la Panouse ', '11200', 'CANET', '2004-07-18', 1500, 3, 3),
(128, 'LAVAIN', 'Lionel', '1968-12-27', '06 74 96 71 07 ', 'lejleh37@hotmail.com', '144 rue Fresne ', '11240', 'ROUTIER', '1992-11-22', 1770, 2, 3),
(129, 'LEJEUNE', 'Jacqueline', '1983-02-19', '06 18 56 46 90 ', 'jacqueline.lejeune@free.fr', '88 rue Fontenay ', '11300', 'VILLARZEL DU RAZES', '2010-10-17', 2270, 4, 3),
(130, 'LEHOUX', 'Sophie', '1967-12-24', '06 99 51 70 15 ', 'suteleh109@free.fr', '44 chemin des Mesanges ', '09190', 'TAURIGNAN VIEUX', '2002-07-17', 1760, 2, 3),
(131, 'SUTEAU', 'André', '1961-04-10', '06 37 45 59 70 ', 'andré.suteau@free.fr', '109 place Gérard Phillipe ', '09230', 'BEDEILLE', '1985-10-16', 1470, 3, 3),
(132, 'SIMON', 'Gilles', '1985-03-22', '06 18 68 17 73 ', 'simon-gilles@orange.fr', '147 rue André Anguille ', '09400', 'USSAT', '2010-08-20', 2140, 2, 3),
(133, 'SELLIER', 'Denis', '1974-01-31', '06 79 35 97 15 ', 'sellier10795@numericable.fr', '107 impasse Joseph Bara ', '09800', 'ARGEIN', '2011-09-18', 1860, 1, 3),
(134, 'PICHARD', 'Claude', '1969-11-13', '06 98 01 66 38 ', 'presut37@hotmail.com', '83 place Aubrière ', '22560', 'PLEUMEUR BODOU', '2000-02-25', 1650, 5, 2),
(135, 'PREVOST', 'Marc', '1985-02-01', '06 75 36 71 43 ', 'marc.prevost@free.fr', '134 bvd Jean Jaurès ', '22580', 'PLOUHA', '2010-06-04', 2340, 4, 2),
(136, 'SUTEAU', 'Jules', '1975-07-11', '06 78 38 09 58 ', 'fovesut95@free.fr', '122 chemin des Ateliers ', '22620', 'PLOUBAZLANEC', '1999-01-16', 2290, 6, 2),
(137, 'FOVELLE', 'Louis', '1984-05-04', '06 15 02 82 72 ', 'louis.fovelle@free.fr', '95 route Fransisco Ferrer ', '22800', 'ST GILDAS', '2009-04-13', 2310, 5, 2),
(138, 'LEMOINE', 'Nathan', '1974-07-13', '06 54 69 66 79 ', 'lemoine-nathan@orange.fr', '107 bvd Stalingrad ', '22810', 'PLOUNEVEZ MOEDEC', '1994-10-02', 2230, 2, 2),
(139, 'LEHOUX', 'Lucien', '1974-09-13', '06 51 44 30 34 ', 'lehoux239@numericable.fr', '2 chemin Gabrile Peri ', '22980', 'ST MELOIR DES BOIS', '2003-02-28', 1750, 4, 2),
(140, 'VEZIN', 'Jean', '1973-10-26', '06 33 83 81 88 ', 'vermey37@hotmail.com', '126 route Carroi Marin ', '78930', 'GUERVILLE', '2009-12-04', 2320, 1, 8),
(141, 'VERRIER', 'Romain', '1972-02-13', '06 75 55 24 28 ', 'romain.verrier@free.fr', '24 rue des Roches ', '91940', 'ST JEAN DE BEAUREGARD', '1998-01-24', 1410, 3, 8),
(142, 'MEYER', 'Auréien', '1974-07-18', '06 61 43 22 52 ', 'meunmey39@free.fr', '105 impasse Clos Girard ', '68460', 'LUTTERBACH', '2006-02-18', 1450, 2, 6),
(143, 'MEUNIER', 'Sévreine', '1976-08-24', '06 57 02 49 92 ', 'sévreine.meunier@free.fr', '39 place Bourgs Joli ', '37170', 'Chambray lès Tours', '1997-11-02', 2390, 1, 1),
(144, 'METIVIR', 'Jean-pierre', '1965-07-09', '06 36 80 15 95 ', 'metivir-jean-pierre@orange.fr', '62 bvd Anatole France ', '91910', 'ST SULPICE DE FAVIERES', '2005-02-03', 2240, 3, 8),
(145, 'MENOUR', 'Jean-claude', '1988-09-17', '06 17 82 07 67 ', 'menour584@numericable.fr', '58 chemin Boisdenier ', '67870', 'GRIESHEIM PRES MOLSHEIM', '2011-09-07', 1680, 4, 6),
(146, 'MENS', 'Patrick', '1966-11-03', '06 08 82 33 29 ', 'melmed70@hotmail.com', '18 rue des Hirondelles ', '37420', 'Huismes', '1991-05-13', 1460, 3, 1),
(147, 'MELIN', 'Patrice', '1973-08-18', '06 28 36 61 21 ', 'patrice.melin@free.fr', '128 route Paul Langevin ', '78910', 'CIVRY LA FORET', '2002-05-29', 1600, 4, 8),
(148, 'MEDINA', 'William', '1978-05-18', '06 77 68 72 59 ', 'mignmed4@free.fr', '30 impasse Pierre bossolette ', '66550', 'CORNEILLA LA RIVIERE', '2007-04-06', 2240, 5, 3),
(149, 'MIGNOT', 'Philippe', '1976-02-08', '06 51 58 02 65 ', 'philippe.mignot@free.fr', '4 rue André Marteau ', '47180', 'MEILHAN SUR GARONNE', '2011-05-15', 1780, 2, 4),
(150, 'MIGUENS', 'Coralie', '1961-05-09', '06 53 09 10 45 ', 'miguens-coralie@orange.fr', '129 rue Honoré de Balzac ', '47200', 'MARMANDE', '1999-12-18', 1930, 3, 4),
(152, 'PASQUIER', 'Franck', '1970-09-08', '06 53 49 98 39 ', 'parpar37@hotmail.com', '88 place Aubrière ', '66360', 'NYER', '1992-08-31', 1700, 2, 3),
(153, 'PARENT', 'Fabrice', '1973-06-19', '06 55 20 04 20 ', 'fabrice.parent@free.fr', '134 rue Gambetta ', '52194', 'EURVILLE BIENVILLE', '2004-09-19', 1790, 3, 9),
(154, 'PARZY', 'Raymond', '1983-05-03', '06 67 47 76 44 ', 'ossapar15@free.fr', '11 impasse des Rosiers ', '37150', 'Bléré', '2008-08-24', 1500, 2, 1),
(155, 'OSSANT', 'John', '1976-06-03', '06 45 70 50 43 ', 'john.ossant@free.fr', '15 place des Noisetiers ', '35190', 'ST PERN', '2005-05-16', 1540, 2, 2),
(157, 'PAILLAIRD', 'Michel', '1972-09-14', '06 70 29 19 30 ', 'paillaird15070@numericable.fr', '150 chemin Paul Louis Courrier ', '35200', 'RENNES', '1996-11-01', 2310, 1, 2),
(159, 'PAISANT', 'Michelle', '1976-07-21', '06 98 42 14 66 ', 'michelle.paisant@free.fr', '104 bvd Eridence ', '35330', 'MERNEL', '2008-08-12', 2030, 4, 2),
(160, 'PALADE', 'Virginie', '1981-10-25', '06 24 02 56 03 ', 'pancpal70@free.fr', '29 chemin de la Fraternité ', '35400', 'ST MALO', '2006-12-07', 1920, 5, 2),
(161, 'PANCHOUT', 'Chantl', '1985-10-13', '06 21 19 39 02 ', 'chantl.panchout@free.fr', '70 route des Moulins à Vent ', '35500', 'CHAMPEAUX', '2009-03-06', 1870, 4, 2),
(162, 'PANDRARD', 'Arnaud', '1971-12-21', '06 48 94 05 53 ', 'pandrard-arnaud@orange.fr', '91 rue Nicoleas Lemercier ', '35550', 'ST JUST', '2000-03-05', 1990, 1, 2),
(163, 'PAPAULT', 'Damien', '1978-10-02', '06 23 57 12 53 ', 'papault74111@numericable.fr', '74 impasse Vaux ', '35630', 'VIGNOC', '2009-08-09', 2220, 5, 2),
(164, 'PAPILLON', 'Grégoire', '1967-09-10', '06 57 18 02 91 ', 'olipot332@hotmail.com', '1 place du Bois d\'Ajonc ', '35720', 'ST PIERRE DE PLESGUEN', '1999-11-03', 1970, 5, 2),
(165, 'OLIVA', 'Florent', '1965-02-19', '06 49 03 14 83 ', 'florent.oliva@free.fr', '110 bvd de la Grande Arche ', '50170', 'BEAUVOIR', '1996-10-01', 1940, 3, 2),
(166, 'POTEVIN', 'Gérard', '1987-12-19', '06 57 52 12 84 ', 'pellpot111@free.fr', '124 chemin Remise des Cailles ', '50170', 'PONTORSON', '2011-11-22', 1900, 6, 2),
(167, 'PELLEN', 'Antony', '1986-10-29', '06 76 30 29 37 ', 'antony.pellen@free.fr', '111 rue Gauthier ', '50210', 'OUVILLE', '2007-10-13', 2080, 3, 2),
(168, 'PRIEUR', 'Emile', '1977-06-23', '06 77 50 39 38 ', 'prieur-émile@orange.fr', '139 route des Puits Roches ', '50250', 'LA HAYE', '2004-12-31', 1980, 6, 2),
(169, 'RULLIER', 'Jonathan', '1965-01-15', '06 97 55 64 79 ', 'rullier11362@numericable.fr', '113 impasse du Marché Fleuri ', '50290', 'BREHAL', '1992-03-05', 1740, 4, 2),
(170, 'RUOT', 'Antoine', '1967-11-02', '06 24 57 95 92 ', 'roysan37@hotmail.com', '86 rue de l\'Académie ', '50310', 'ECAUSSEVILLE', '1991-09-18', 2370, 4, 2),
(171, 'ROY', 'Ghislain', '1981-08-06', '06 71 84 46 74 ', 'ghislain.roy@free.fr', '82 rue du Collège ', '50340', 'BRICQUEBOSQ', '2003-09-16', 1960, 4, 2),
(172, 'SANCHEZ', 'Manuel', '1982-06-18', '06 95 30 40 70 ', 'salvsan62@free.fr', '92 rue de Loudun ', '37510', 'BallanMiré', '2002-11-14', 2110, 5, 1),
(173, 'SALVAN', 'Edouard', '1968-06-25', '06 30 06 35 82 ', 'edouard.salvan@free.fr', '62 chemin de la Maréchaussée ', '24700', 'MONTPON MENESTEROL', '1988-12-13', 1740, 5, 4),
(174, 'SAMADA', 'Christophe', '1975-12-01', '06 10 52 20 35 ', 'samada-christophe@orange.fr', '125 place des Capucines ', '54800', 'XONVILLE', '2002-03-01', 1860, 5, 6),
(175, 'SALLIET', 'Cyril', '1989-05-28', '06 77 63 31 77 ', 'salliet7882@numericable.fr', '78 rue Coupure du Parc ', '56310', 'QUISTINIC', '2012-01-31', 1830, 4, 2),
(176, 'SANOUILLET', 'Thomas', '1963-02-17', '06 00 19 23 65 ', 'saosar37@hotmail.com', '116 impasse Menuet ', '52013', 'ANROSEY', '2002-12-29', 2090, 5, 9),
(177, 'SAO', 'Lucas', '1964-10-28', '06 39 88 40 35 ', 'lucas.sao@free.fr', '49 place du Haut Qin?ay ', '56380', 'ST MALO DE BEIGNON', '2003-09-15', 1540, 5, 2),
(178, 'SARCE', 'Marylène', '1964-08-27', '06 05 43 67 66 ', 'sasssar82@free.fr', '129 bvd de la Puce ', '56420', 'BILLIO', '2003-08-18', 2010, 2, 2),
(179, 'SASSI', 'Marco', '1981-03-08', '06 11 64 92 29 ', 'marco.sassi@free.fr', '82 chemin de la Ramonerie ', '56480', 'ST AIGNAN', '2002-05-10', 1420, 6, 2),
(180, 'RAMEAU', 'Franciane', '1979-07-25', '06 56 19 03 93 ', 'rameau-franciane@orange.fr', '64 route de la Barre ', '57160', 'MOULINS LES METZ', '2009-12-17', 2010, 4, 6),
(181, 'RAIGNAUD', 'Jérôme', '1965-09-12', '06 14 78 68 95 ', 'raignaud58149@numericable.fr', '58 bvd du Commerce ', '57160', 'CHATEL ST GERMAIN', '1998-11-16', 1800, 4, 6),
(182, 'RANGER', 'Bernard', '1984-09-30', '06 64 77 64 57 ', 'rabren37@hotmail.com', '122 chemin du Vieux Château ', '49250', 'LOIRE AUTHION', '2010-08-06', 1420, 3, 1),
(183, 'RABOUIN', 'Sandra', '1989-08-24', '06 92 25 63 62 ', 'sandra.rabouin@free.fr', '40 route de la Loire ', '49260', 'EPIEDS', '2012-08-21', 1410, 2, 1),
(184, 'RENARD', 'Nicolas', '1987-07-21', '06 56 86 19 02 ', 'remaren149@free.fr', '120 rue du Docteur Leblied ', '49270', 'OREE D ANJOU', '2006-07-08', 2310, 3, 1),
(185, 'REMAUD', 'Stéphane', '1983-12-15', '06 13 40 92 30 ', 'stéphane.remaud@free.fr', '149 impasse des Hautes Pelus ', '57230', 'BAERENTHAL', '2005-06-28', 1590, 1, 6),
(186, 'RIDOUARD', 'Harold', '1981-03-26', '06 20 23 30 61 ', 'ridouard-harold@orange.fr', '77 place du Château ', '41270', 'LA FONTENELLE', '2008-11-25', 1840, 1, 1),
(187, 'RICQUIER', 'Fran?ois', '1967-05-27', '06 29 62 36 89 ', 'ricquier70144@numericable.fr', '70 bvd des Marais ', '41300', 'SELLES ST DENIS', '1993-01-13', 1820, 5, 1),
(188, 'RINSANT', 'Frédéric', '1962-03-24', '06 60 86 12 77 ', 'rivriv09@hotmail.com', '82 chemin de la Morandière ', '41320', 'MARAY', '1995-09-22', 2250, 6, 1),
(189, 'RIVAL', 'Jacques', '1971-07-11', '06 93 90 14 54 ', 'jacques.rival@free.fr', '147 rue de la Croix Marie ', '41360', 'EPUISAY', '1997-08-15', 1680, 3, 1),
(190, 'RIVERY', 'Jean', '1977-08-31', '06 81 94 80 79 ', 'sabariv144@free.fr', '116 route Bois Rivière ', '41400', 'MONTRICHARD VAL DE CHER', '2004-12-14', 1440, 5, 1),
(191, 'SABATIER', 'Pascal', '1969-06-15', '06 41 91 13 14 ', 'pascal.sabatier@free.fr', '144 impasse de Richelieu ', '73316', 'VILLARD SALLET', '2008-12-13', 2000, 5, 9),
(192, 'ROZET', 'Ludovic', '1965-11-01', '06 45 88 03 25 ', 'rozet-ludovic@orange.fr', '114 rue des Caves ', '41500', 'SERIS', '2000-09-09', 2280, 6, 1),
(193, 'QUESNEY', 'Gabriel', '1962-06-01', '06 60 73 59 20 ', 'quesney104125@numericable.fr', '104 rue des Ecoles ', '45210', 'PERS EN GATINAIS', '2000-02-09', 2060, 1, 1),
(194, 'TESSIER', 'Bastien', '1961-05-29', '06 96 74 69 10 ', 'texseg007@hotmail.com', '129 chemin de la Glacière ', '45300', 'YEVRE LA VILLE', '1995-06-06', 1550, 3, 1),
(195, 'TEXIER', 'Loïc', '1969-10-24', '06 94 37 68 00 ', 'loïc.texier@free.fr', '116 place des Basses Rivières ', '36130', 'MONTIERCHAUME', '1990-02-27', 1600, 3, 1),
(196, 'SEGUINET', 'Gérald', '1972-01-27', '06 62 18 87 73 ', 'wagnseg125@free.fr', '137 rue Basse Livornière', '36170', 'ROUSSINES', '1996-04-14', 1810, 2, 1),
(197, 'WAGNER', 'Florian', '1984-06-27', '06 11 36 49 43 ', 'florian.wagner@free.fr', '125 impasse de la Volière ', '73164', 'MONTCEL', '2006-09-19', 2080, 2, 9),
(198, 'WEBER', 'Christiane', '1973-11-01', '06 97 29 96 46 ', 'weber-christiane@orange.fr', '36 place du Grand Boulay ', '36250', 'ST MAUR', '2011-01-17', 2150, 4, 8),
(199, 'WOLF', 'Ga‘lle', '1962-08-19', '06 65 09 22 92 ', 'wolf9834@numericable.fr', '98 bvd de Rochefort ', '36260', 'PAUDY', '1982-09-28', 1670, 4, 1),
(200, 'ZOUGHAR', 'Martine', '1989-11-19', '06 14 43 98 96 ', 'zenaka37@hotmail.com', '19 chemin des Jonquilles ', '73208', 'PUGNY CHATENOD', '2013-10-20', 2350, 4, 9),
(201, 'ZENNIR', 'Anne-lise', '1961-01-30', '06 97 76 42 38 ', 'anne-lise.zennir@free.fr', '10 route du Sénateur Belle ', '37150', 'DIERRE', '1986-01-22', 1820, 1, 8),
(202, 'AKA', 'Samuel', '1985-12-18', '06 06 53 07 19 ', 'voisaka34@free.fr', '66 bvd Auguste Renoir ', '37240', 'CIRAN', '2008-10-18', 1760, 5, 1),
(203, 'VOISIN', 'Guillaume', '1981-04-21', '06 08 90 44 81 ', 'guillaume.voisin@free.fr', '34 chemin Jules Romain ', '37240', 'LE LOUROUX', '2009-01-07', 1580, 4, 1),
(204, 'VIOUX', 'Brigitte', '1985-07-21', '06 39 76 54 43 ', 'vioux-brigitte@orange.fr', '78 route de Verdun ', '37290', 'CHARNIZAY', '2008-04-03', 1860, 5, 1),
(205, 'BUCHET', 'Armel', '1982-11-29', '06 97 10 08 18 ', 'Buchet145@numericable.fr', '145 rue NelsonMandela ', '37340', 'GIZEUX', '2004-09-09', 1820, 5, 1);

--
-- Contraintes pour les tables déchargées
--

--
-- Contraintes pour la table `avoir`
--
ALTER TABLE `avoir`
  ADD CONSTRAINT `avoir_ibfk_1` FOREIGN KEY (`ref_option`) REFERENCES `optionmodele` (`Opt_Ref`) ON DELETE CASCADE ON UPDATE CASCADE,
  ADD CONSTRAINT `avoir_ibfk_2` FOREIGN KEY (`ref_model`) REFERENCES `modele` (`Mod_ref`) ON DELETE CASCADE ON UPDATE CASCADE;

--
-- Contraintes pour la table `commande`
--
ALTER TABLE `commande`
  ADD CONSTRAINT `D` FOREIGN KEY (`Cli_num`) REFERENCES `client` (`Cli_num`) ON DELETE CASCADE ON UPDATE CASCADE,
  ADD CONSTRAINT `g` FOREIGN KEY (`Ven_num`) REFERENCES `vendeur` (`Ven_num`) ON DELETE CASCADE ON UPDATE CASCADE;

--
-- Contraintes pour la table `ligne_commande`
--
ALTER TABLE `ligne_commande`
  ADD CONSTRAINT `a` FOREIGN KEY (`Cmd_num`,`Cli_num`) REFERENCES `commande` (`Cmd_num`, `Cli_num`) ON DELETE CASCADE ON UPDATE CASCADE,
  ADD CONSTRAINT `m` FOREIGN KEY (`Mod_ref`) REFERENCES `modele` (`Mod_ref`) ON DELETE CASCADE ON UPDATE CASCADE;

--
-- Contraintes pour la table `modele`
--
ALTER TABLE `modele`
  ADD CONSTRAINT `modele_ibfk_1` FOREIGN KEY (`Mar_nom`) REFERENCES `marque` (`Mar_nom`) ON DELETE CASCADE ON UPDATE CASCADE;

--
-- Contraintes pour la table `vendeur`
--
ALTER TABLE `vendeur`
  ADD CONSTRAINT `gr` FOREIGN KEY (`Fil_num`) REFERENCES `filliale` (`Fil_num`) ON DELETE CASCADE ON UPDATE CASCADE;
COMMIT;

/*!40101 SET CHARACTER_SET_CLIENT=@OLD_CHARACTER_SET_CLIENT */;
/*!40101 SET CHARACTER_SET_RESULTS=@OLD_CHARACTER_SET_RESULTS */;
/*!40101 SET COLLATION_CONNECTION=@OLD_COLLATION_CONNECTION */;
